E_true,E_rec
20,25.89261236656691
20,24.68665119790283
20,21.70026115472359
20,23.740455861393485
20,26.84084994437913
20,22.22807337695827
20,27.727699906575154
20,19.105516618765456
20,20.36427864752028
20,21.550410607135582
20,22.369097392284633
20,24.284010737828407
20,21.746974433185382
20,22.648363836365423
20,23.06314086876458
20,22.987986645697706
20,18.08581561327511
20,22.506092453728233
20,21.08394003598073
20,23.532928641049885
20,25.300292993834613
20,19.36353142174324
20,21.39923730351323
20,19.76359121748331
20,19.236270716024695
20,24.827701041227186
20,22.388659080298595
20,23.014084284351497
20,21.543046755889616
20,21.602762236683024
20,24.53297771236747
20,21.912121875980443
20,18.714314959804533
20,25.00816796333486
20,23.015487783824927
20,19.326680995095085
20,24.781848492920346
20,26.127227475974333
20,22.32562264667144
20,24.09822370356403
20,20.901789035454446
20,24.336909236679514
20,21.523890883891745
20,24.94176531791618
20,25.769664370744714
20,19.138944244081387
20,21.670036082752105
20,20.46910544883002
20,18.64064050351692
20,20.695631997344897
20,21.59555963653926
20,24.516962948638263
20,22.93877231445131
20,19.2469252078171
20,23.20458560114814
20,18.864262796538014
20,23.085857130917233
20,22.730135853299704
20,21.040587605751234
20,23.416728269163514
20,25.91744838283571
20,20.75552801067064
20,22.113711271550898
20,21.004362012314868
20,22.88638598486602
20,22.181798824590015
20,20.113327640683316
20,21.553215345892163
20,22.938992617927354
20,20.642407498756594
20,22.478531461033388
20,25.128830665323953
20,22.145323533431124
20,21.196392896276066
20,23.46486330150392
20,20.04182229972137
20,21.381006266255334
20,25.47958605251664
20,18.45551700231555
20,25.552754490379073
20,22.54132163212441
20,21.41560651321014
20,22.2857271431597
20,22.080826720671144
20,22.795640772119967
20,20.04902824237443
20,21.550296684004667
20,22.069170725134725
20,21.430695682336243
20,22.137767198857098
20,21.355296775997093
20,22.080036869717016
20,22.32647052980905
20,19.229455643893196
20,21.809498355231543
20,23.700836758082207
20,22.160514371290322
20,21.857670235743154
20,21.567060783867554
20,22.242773065264156
20,23.340628480262428
20,17.492842235705595
20,24.22383041656571
20,21.05705681599776
20,22.655229139687055
20,25.177465651344633
20,20.216148577342413
20,22.716150235548444
20,20.572070120546257
20,19.36662027359445
20,20.057335840090914
20,18.498744450445074
20,23.815809008621844
20,25.05893776600447
20,24.095085298515485
20,21.838893419537182
20,22.938771306381806
20,22.368707281034485
20,21.86948193955163
20,25.075863632441205
20,27.12142485209251
20,22.133630219006285
20,17.041360961356034
20,20.840192517569633
20,23.587951724830166
20,23.170540524664133
20,25.17587296083159
20,21.180553597468762
20,19.49894969905903
20,22.65296865253633
20,19.656033561143165
20,23.328333910527725
20,21.441429071483675
20,20.988327856621567
20,24.313200335994104
20,21.836021338574174
20,21.439659456533935
20,20.05453870075093
20,22.06371923028197
20,21.976220513432057
20,27.014696626316674
20,17.631587814135212
20,23.801603374807332
20,26.44386687567892
20,22.010609073100845
20,23.114463485141986
20,21.6427956299294
20,21.177681771774424
20,19.728586937959868
20,23.952280248472267
20,22.453452296736
20,19.438139560593235
20,25.20180231330099
20,24.77049972752749
20,22.31304841214904
20,24.602735903268123
20,20.971466120513043
20,25.335923719012847
20,25.277026100927788
20,21.534349120777662
20,25.560657551588868
20,21.417120744945734
20,18.08550241430046
20,20.20503196497303
20,20.21207789561865
20,22.17226888900273
20,22.10428877646449
20,22.481405522488338
20,22.617509077130542
20,20.46567297929938
20,18.804020760777377
20,23.062572241847246
20,26.2330513496705
20,19.806526455792536
20,20.21552889682685
20,26.492228997779257
20,19.468255141163333
20,24.61562981020238
20,23.5716081297271
20,19.24920302588272
20,21.682303511294872
20,22.736473797785738
20,18.946299442705776
20,24.748874615236495
20,21.238377512621746
20,19.922573426571883
20,23.99899522677524
20,19.096300438984215
20,24.815836405232158
20,20.71870987986793
20,21.024739831231173
20,24.174801866014658
20,23.727443096132962
20,24.08120058846479
20,19.626550859416394
20,23.03602669479767
20,20.443712597545094
20,24.404687261366536
20,24.072994700845484
20,18.428685792523712
20,24.300557137522436
20,25.040300412949442
20,29.133704678163397
20,22.17107402015233
20,17.97057479463534
20,21.010482079046298
20,22.55442350659929
20,23.809011839786688
20,24.14543427622867
20,21.45927863353127
20,23.153732288943505
20,24.05306444041225
20,24.04152090082094
20,22.023231066842296
20,23.0335742625287
20,23.420383023647396
20,20.98955817932154
20,19.423251265440193
20,21.957988532945368
20,19.924940493734546
20,19.224345895632116
20,21.56691264237124
20,23.59567886226362
20,21.8987918913624
20,24.058347878699553
20,24.066602221447152
20,19.74799385932565
20,23.012696475452287
20,18.46395062095026
20,22.390031876456444
20,21.938244058206184
20,25.125429768739565
20,21.81890719332322
20,24.524942128624055
20,21.117023542376685
20,22.73261373417532
20,22.14179447468441
20,22.2951303140286
20,22.68008729895248
20,19.949753149488316
20,22.00718634459623
20,22.836051561193553
20,25.00767163818281
20,24.599438736927127
20,23.33723614089309
20,22.498109819249127
20,18.61281970838652
20,27.301911217565458
20,19.059422838663302
20,18.21758941941024
20,20.220770896859065
20,22.514599577132522
20,20.080394157540265
20,19.36664199852098
20,21.4402750882168
20,25.37984750207559
20,22.48665489922272
20,21.130943817483924
20,21.033405435808575
20,18.040004063164815
20,24.211301100780513
20,21.821635298693984
20,22.681628065785368
20,22.593509431529064
20,22.19740880987658
20,22.479613441343293
20,20.30441947473109
20,23.488695766148414
20,26.827080083250607
20,22.261722221271846
20,18.437372511167222
20,23.357826647835815
20,23.211752407901585
20,19.54017773853193
20,21.028315116614205
20,19.95032563951516
20,19.518696705274497
20,24.319718467618543
20,24.85233474848803
20,21.487358471133295
20,22.49911266030575
20,18.66068846750674
20,22.21428105372892
20,21.227413892645956
20,26.263313526370027
20,22.540910496686376
20,24.59433431849366
20,21.971523816930787
20,21.812026057792913
20,24.65892786907677
20,23.83240237188222
20,18.2715931292137
20,23.67227917228653
20,23.852740722421903
20,23.58119591978494
20,23.851278271524983
20,24.526274735062703
20,19.306278008715683
20,18.014047256606624
20,23.14029573212411
20,18.939514228554398
20,21.26680758269565
20,21.487675467292764
20,21.706025138227577
20,24.272766442659787
20,21.65933704459797
20,19.935317257341836
20,23.456616050214485
20,26.550876395483495
20,23.26463408335043
20,18.30413599613852
20,21.767999011370833
20,22.02874145114153
20,21.560877234903064
20,25.909194932061126
20,20.489359881028182
20,22.39151576785358
20,21.950245662951602
20,24.822452535890683
20,19.988933060889348
20,24.01330272739198
20,21.341724693826546
20,25.431470384055093
20,25.15482089428565
20,24.770901127833916
20,20.978753332181572
20,23.219173163529373
20,20.887489361814158
20,23.319147711401953
20,19.440366729665904
20,18.988631419862973
20,21.70949827953604
20,20.52595372722547
20,21.06411269391112
20,21.434539114778723
20,19.944758101502046
20,22.509260042518004
20,15.80926510465828
20,22.21737176473171
20,20.16298487752419
20,19.764246874581048
20,22.210594574954992
20,24.637869253383453
20,23.673318101867736
20,21.35818592066085
20,22.295612505850542
20,23.07111880840101
20,24.640114369913192
20,24.7231116709176
20,23.131277739391095
20,21.462319795855002
20,23.603163497036093
20,18.496916296654543
20,20.455781172624267
20,24.03830853069199
20,14.349165249711863
20,23.618591135071902
20,23.426184689857955
20,23.808415791714793
20,20.10430744228571
20,23.380854447701722
20,21.278716040039424
20,21.008186308498818
20,23.913189226440895
20,18.48283414935374
20,21.831277158226808
20,22.09489180128362
20,20.67687214980522
20,23.318144612521113
20,22.91272376626367
20,21.567877135016957
20,23.65874316104939
20,23.59764054869054
20,21.46645431601404
20,20.23455363125143
20,20.74876561721116
20,18.44660316426627
20,21.635671185800028
20,23.13906982980661
20,24.182570998570966
20,24.29645479712613
20,18.713915288958134
20,21.95756421386367
20,22.467132933021983
20,22.91983436351264
20,21.52792534795185
20,21.96816016662298
20,27.104612665006247
20,25.04019086380297
20,23.58657433150713
20,22.13281441068541
20,25.58137848911028
20,20.867923279041392
20,22.51728469450325
20,23.95897636873265
20,20.268338317115635
20,17.65483496526366
20,22.775914534335236
20,18.490125954163013
20,21.94529391862017
20,21.988685678315505
20,22.928907587947347
20,24.32245150244027
20,20.07982332881565
20,24.312862970131473
20,22.422962095017258
20,18.455028502066707
20,24.615692119069358
20,23.020233297652418
20,21.839250526889813
20,23.996577345146342
20,22.699038067961972
20,20.684664008439704
20,19.430169679079146
20,23.970542071285898
20,22.078735700855447
20,23.262965585562846
20,20.969947180159515
20,23.323260384950785
20,25.201773772418022
20,24.71704987012958
20,20.643304536472957
20,20.012979821270346
20,24.26826983231281
20,24.7997540763362
20,22.248948125063063
20,21.991280014155972
20,21.77560975640538
20,19.33262467483002
20,23.547112509520037
20,21.30806096993304
20,17.353751974494593
20,22.064210602521666
20,20.315247552000045
20,23.976343589688184
20,24.240502379395984
20,22.651790239292556
20,23.252518919496385
20,21.5247401675912
20,21.540596669152105
20,20.783932838359508
20,19.853443229102957
20,21.15498128948256
20,18.08131646604494
20,19.974370528764737
20,17.719454615852683
20,22.65262895180015
20,23.256304617511315
20,24.76657138397752
20,18.013682996750227
20,22.650150344706496
20,25.32745193382111
20,25.383418378947695
20,20.979870284371653
20,22.45565669279005
20,27.50232047591353
20,22.195483755521103
20,23.308236077978854
20,21.4424705809436
20,24.00755635638355
20,22.093796047445814
20,24.93280517168041
20,23.563395254199275
20,23.43386993295119
20,24.894819387166088
20,26.771512981821733
20,22.523522155384306
20,21.8945333467366
20,21.73570144122963
20,23.854142343998262
20,22.404435866417696
20,19.219877130560203
20,20.152878159863835
20,20.77899388122521
20,19.540566423230253
20,21.261740987562565
20,20.10400479663757
20,23.393410460815225
20,20.76768443260605
20,22.375240583864276
20,24.226955548440788
20,20.73229606245765
20,24.89193257702015
20,21.66940818638294
20,21.917687104985387
20,19.06367121116548
20,19.33041305860205
20,25.71799733732225
20,21.123457146206995
20,22.27784313309082
20,21.76247426856292
20,21.924975735218933
20,19.021549390848875
20,22.25252478583809
20,25.849883256133722
20,22.439676412641106
20,24.560684109754373
20,22.984765240059666
20,22.849325836168493
20,19.89248141117103
20,25.827739760201936
20,20.02570697946629
20,23.2706454029605
20,21.53291757332234
20,20.058132672424218
20,25.03891055797876
20,21.5340262619115
20,23.353697077983785
20,19.206487891790758
20,25.581309326036557
20,22.005680416090136
20,24.7087255842621
20,23.282454057679935
20,22.425847656835955
20,27.085305978080974
20,20.98403392702231
20,21.865227293863647
20,20.360018296641535
20,21.1635373703609
20,22.574415217111625
20,24.055561049466302
20,18.43095810585216
20,17.232554634426474
20,23.413387161812253
20,25.28618581114683
20,25.19244858566925
20,20.248039224596628
20,25.360014963282726
20,23.727566432117115
20,19.883724367461532
20,21.28117786419149
20,20.57772275839055
20,22.683112531953295
20,20.69881748351695
20,25.458587850437883
20,20.493454492930386
20,22.10944525857365
20,18.37160717248598
20,25.752280515131456
20,20.17257506260095
20,21.936834660778743
20,23.004007877475452
20,23.486893142797957
20,25.949890665116254
20,24.536576598622812
20,18.942226855739833
20,16.398185571521356
20,22.384378965254054
20,20.90836484811734
20,24.027859012571863
20,22.019547370759977
20,22.202904153322105
20,25.24012358504151
20,19.98352407246347
20,28.07202384523258
20,22.11157870650452
20,23.998382419291573
20,19.939617611223603
20,22.498861073574407
20,21.616629899234383
20,23.604222494041263
20,21.23009551337376
20,24.37612212736223
20,21.741842936738912
20,22.269046125778697
20,22.22768067100432
20,22.055628835363436
20,23.21625676498718
20,22.618569366094817
20,20.880390867558308
20,20.0753494643101
20,22.774322903334923
20,20.650769729443315
20,24.862177458397706
20,24.153775834557614
20,18.73838642805453
20,24.24282605663824
20,27.87030651338432
20,21.445332502194518
20,19.360513219977328
20,22.310856520739904
20,20.791182096270756
20,22.05172487066359
20,20.004125637317465
20,18.49045688115171
20,18.58869638624701
20,22.635551632896114
20,20.063209770466045
20,21.326912813529873
20,23.558034491721955
20,23.830247527465872
20,24.120231947972076
20,21.809069235008042
20,25.76896937623836
20,22.380680185472134
20,19.645446943413393
20,22.099871472745175
20,20.255297562051783
20,22.894418707311985
20,23.679977811089465
20,17.919884322942654
20,20.3265178194383
20,20.097819834262488
20,20.875362800357014
20,24.926027076121258
20,21.867680333847403
20,25.465697692068666
20,22.25166877537288
20,20.94151986731771
20,22.481754392939244
20,20.81083811298955
20,23.18997948580225
20,24.38265881043558
20,25.82200163938828
20,17.744582826919242
20,23.72954444998797
20,21.195148340956262
20,25.873161078696047
20,20.11234494368219
20,19.484953608920673
20,19.256384349194597
20,24.349069592365794
20,20.52054298221955
20,21.569819309566363
20,20.495989754850516
20,19.209030904276712
20,17.39667660751994
20,20.970845369241204
20,25.109765938726824
20,26.81778435574698
20,19.652745915608374
20,19.206979966296153
20,23.655259682408836
20,20.223588320834928
20,22.008522535741413
20,24.792282817479972
20,22.815457052383728
20,20.910405169168147
20,25.857800874101386
20,22.066922123478562
20,20.853675194607032
20,19.393026004954997
20,23.34707588632717
20,21.47623405554631
20,22.779953307364956
20,20.46764673019494
20,22.42543137762409
20,26.20121134214873
20,22.284253706540845
20,23.463757754458843
20,19.664519661486594
20,21.094623577165848
20,21.321343045788144
20,20.555274422522213
20,17.720420171238228
20,22.026412406022114
20,25.969699176203747
20,13.85674900153899
20,15.602720084230398
20,23.20634907348584
20,22.968041597787423
20,22.79247296658089
20,18.752668246753515
20,20.996359436012586
20,23.36929983093921
20,22.36058162159611
20,25.561869492697596
20,24.57169343920292
20,23.49481545704982
20,23.768624037686088
20,23.27524298864713
20,24.60255653880815
20,22.013004323943413
20,21.23472873337034
20,19.814300541227176
20,22.583295406697946
20,21.193522078418923
20,20.039352930558255
20,18.317263448172582
20,18.979070714285882
20,26.704636655806397
20,22.899121572957352
20,22.6701522008578
20,23.079878560541708
20,18.524922756110147
20,18.717356344401402
20,23.761629531590696
20,20.140440492910137
20,19.53469869523476
20,21.6689317606259
20,19.639190096931067
20,19.530694168877886
20,24.226817136832157
20,23.02896187498289
20,18.05564305390926
20,20.140236585075808
20,21.772134849514195
20,20.43012131371803
20,22.27354561106886
20,24.92225543677541
20,19.608480672464108
20,21.13516473037037
20,23.746964400945128
20,23.092853349994805
20,21.255416643919016
20,17.49361765742915
20,25.13813777596841
20,22.535621740097874
20,18.838000800136577
20,25.3565400433544
20,20.010145762911748
20,18.90472573695053
20,22.459929042016988
20,21.496784823376462
20,21.8734153965724
20,20.865685382131144
20,20.104679405435025
20,19.310035845868946
20,24.23596489085715
20,25.243154753030787
20,19.745545573544586
20,24.198864912534795
20,23.3975210950558
20,20.602704753186
20,21.443592983636442
20,19.123672273158242
20,21.85423347047313
20,21.796390593516122
20,23.507508296382035
20,19.001665617716963
20,21.53554110396367
20,22.467694682859186
20,21.052732731786385
20,22.94456863306304
20,20.324226774839733
20,22.7991961732288
20,23.275670433967075
20,22.887127768175656
20,16.306936163879243
20,20.592720154891914
20,23.206708812589465
20,20.213725240364425
20,21.66126902019628
20,25.172075110676243
20,21.38137703861104
20,20.225648983784527
20,21.99679066295219
20,22.72489157567045
20,19.887231763422403
20,23.89621210603069
20,20.900267355740276
20,26.509806615650394
20,24.9474990639913
20,15.089664749088318
20,20.528070266464624
20,24.855122069856343
20,23.493527594812385
20,22.846926254374537
20,19.129099488011462
20,20.328589501326515
20,21.53315648000296
20,22.51740974631581
20,24.55928254331559
20,21.79808115637764
20,23.78971085832379
20,24.60505431489875
20,17.712378412757854
20,17.8197083295165
20,21.497482514092336
20,22.390136138126234
20,21.11743043147453
20,20.887990460511713
20,27.51692263303818
20,21.450414734695094
20,21.343867392179128
20,22.180808813766298
20,23.60953490280432
20,20.964045538312845
20,22.507518805753975
20,26.57518547693548
20,23.21957152888294
20,22.937175611566094
20,21.311776621180815
20,20.634206014301316
20,24.369776370888918
20,19.253580911271563
20,22.398576334739957
20,20.862319181590987
20,25.319760126092646
20,17.731816059627576
20,22.146451955220012
20,22.878055637680987
20,22.431041589160316
20,19.783243519216825
20,22.985191009176802
20,24.51126142909598
20,23.696809658573887
20,20.070898462714403
20,22.13462668604352
20,22.317946493425712
20,19.50178580082568
20,18.93137859149562
20,24.631532761967215
20,24.4540198002285
20,25.835348783811813
20,24.554332831070344
20,22.291253263433276
20,19.928869069716004
20,21.644729053496324
20,22.001849899414275
20,22.495882294597024
20,18.724784926802872
20,21.19117164658103
20,21.10697498151185
20,20.913963831681126
20,19.095856750650636
20,23.182579796759033
20,21.523153478579268
20,21.245648248347162
20,20.32945586831805
20,21.051672383979767
20,22.631679031783044
20,27.250779228426246
20,24.98606164585319
20,24.87058704750518
20,22.500782771843646
20,21.954439859024202
20,20.74792512849711
20,19.922490913584646
20,21.974629355349606
20,25.446622819980618
20,25.877113337135125
20,26.200228710665833
20,22.639251565235323
20,21.612816832328118
20,20.844060480490405
20,23.13139776061714
20,20.16866626781054
20,22.391173986742274
20,20.266845780658258
20,25.834292270630883
20,18.53615994838494
20,22.766462920114318
20,22.43924308620377
20,20.92650174959098
20,19.65191165690497
20,21.820417795471435
20,21.023142363236296
20,25.099933911442953
20,22.163594653039134
20,25.95762743748764
20,21.807054968799623
20,21.248228803932157
20,21.449367373551315
20,23.09857873208395
20,20.961285120926522
20,19.411534517344432
20,22.563550052630447
20,19.510049190373685
20,23.43828085373082
20,22.506766855088284
20,21.913669913970004
20,25.16148434276314
20,24.618812227973677
20,18.74609692770465
20,23.072318208169417
20,22.43853971160155
20,22.51148012692199
20,20.487531168190618
20,22.661116087302734
20,22.473008639614683
20,22.137460237607012
20,25.400619568589974
20,25.52600598834113
20,26.331418030074282
20,22.504550260656522
20,20.126950948262845
20,23.237256982184896
20,18.780488231413614
20,24.394139285994576
20,18.481011458454795
20,25.677118277244347
20,22.946283316754062
20,23.804657807832626
20,17.091870216638256
20,20.9603027104385
20,19.241403632494702
20,20.713691121898748
20,24.119422408313728
20,20.838132009136
20,25.8729473248413
20,23.845648886444188
20,25.133738123521567
20,21.75183236935274
20,23.31379868932764
20,21.36403309826013
20,23.19381905557178
20,20.53165632217499
20,21.384785816221513
20,23.06738090998741
20,22.979810688281365
20,22.317321008020723
20,22.2127198148453
20,24.866007339859287
20,22.57175234898075
20,23.26271257152358
20,21.633916237429457
20,22.991474396734645
20,18.410620777038282
20,22.04237421386669
20,20.58100808959493
20,24.26267542769362
20,22.009016191729682
20,22.153844851100192
20,20.738240650411534
20,23.38096094446974
20,24.98876157938287
20,19.90542983283718
20,25.408616997796546
20,18.471519159714504
20,23.002238395252952
20,21.594598891497608
20,24.08190925503064
20,21.17636639506655
20,24.561340531495933
20,19.084956013087325
20,22.18818896249643
20,25.087507941749934
20,24.32140226787741
20,21.134423559336962
20,21.85146851924156
20,23.136662964825195
20,24.680181938556363
20,25.148055261249525
20,23.24444767551919
20,20.984702837041045
20,23.731945930037025
20,19.107419747903148
20,23.475420314627286
20,24.427696187567076
20,21.606657710630667
20,21.51221476307901
20,23.359035373808318
20,22.843126793212257
20,21.58707894191424
20,23.310127584812935
20,22.52574992786523
20,19.947415744283838
20,22.755360071175506
20,20.95823818512263
20,21.586865298074933
20,21.301182640455803
20,25.511749916699774
20,21.005708773762713
20,22.36334685485491
20,23.36518655445529
20,19.94943155499295
20,20.956709882439945
20,21.892247890792515
20,21.698823147239082
20,26.65924681783401
20,26.231178260328583
20,21.2963112054629
20,22.11072280675093
20,22.435628857890254
20,18.341489317734574
20,22.42025083437321
20,22.787134738965726
20,22.475350841481763
20,23.547579733721296
20,22.177295785323132
20,20.693922856060297
20,24.087456371854206
20,21.77734928955831
20,19.393295041200815
20,23.919809437370247
20,20.88978460053026
20,21.581936609119147
20,19.933111979987096
20,21.25771362210558
20,22.538163451783515
20,23.13784725203701
20,24.704980690119626
20,25.146331859868198
20,24.01467830385749
20,21.11235555731239
20,19.80090438919673
20,21.414599518888142
20,21.668234496085063
20,23.142030902731722
20,23.195352099913567
20,19.76825020890187
20,20.011005445037284
20,22.337320272351363
20,22.784082756276128
20,24.759751236752976
20,22.49445942435086
20,22.566673677725014
20,17.54280126989487
20,21.313433436621487
30,32.973025213943394
30,29.518450089571946
30,30.102449182325362
30,36.518703882464195
30,27.963669350097327
30,31.707314339496122
30,32.030225745398816
30,36.71695206814132
30,34.2843133824234
30,35.32164566070438
30,38.45612845166877
30,28.407296393976086
30,31.39048157253696
30,32.78109972809295
30,34.10342738350805
30,30.19516931386849
30,30.87233350747356
30,31.691118220954653
30,32.78695725460177
30,27.55375362967626
30,32.58477927156695
30,32.931649679099365
30,33.667263982369924
30,34.321733655660054
30,27.657401742479188
30,30.993405710867222
30,33.773418993534875
30,32.195004981579004
30,34.180068917121865
30,32.95275069474905
30,29.431841464694486
30,34.29722973992228
30,29.429427009259037
30,35.568030825126435
30,30.518098196416858
30,34.51554335526178
30,30.550196869554252
30,30.54040915725584
30,32.917905040888044
30,33.804820729145085
30,31.35014226128263
30,30.270464369557292
30,29.58018095932301
30,34.538585839215806
30,31.677576125144142
30,37.14413890807366
30,31.56054097465931
30,31.707716843525315
30,37.19138572358065
30,30.368582241206546
30,37.500489681157575
30,32.27346647680362
30,28.722556735401053
30,34.12804520720069
30,37.08016142996724
30,28.667707834633408
30,31.24589857348159
30,32.40276264034153
30,29.578455583317563
30,31.947718444056974
30,30.424227456486676
30,33.68887854291592
30,32.06202931903546
30,32.77993019382204
30,32.75894061427906
30,33.250541011652906
30,27.642322149371147
30,33.68983201738111
30,32.60348426522689
30,31.463522870054444
30,34.28289836230959
30,32.889288768019746
30,31.03691216749936
30,32.04854554272503
30,30.701963272463647
30,33.78761360340275
30,31.450987282232713
30,30.952010365903696
30,29.64370779665869
30,31.174097303507146
30,38.28374916092143
30,28.896861947159877
30,32.21791451521646
30,32.91840945271244
30,28.8542938325745
30,31.44346882713462
30,33.526553407088265
30,28.740595590858888
30,34.56265708185513
30,30.471427334752597
30,30.234888378234857
30,33.61475761059514
30,31.763345108750762
30,33.054376590118714
30,30.92068305061897
30,32.08953481622865
30,27.756199461523096
30,29.64815277856122
30,33.006772554749325
30,35.03514789127305
30,31.519197750306365
30,27.382708014804983
30,31.075080722206398
30,34.135390652504704
30,35.885591335178624
30,32.75081182922676
30,35.58789140299721
30,33.97109244680012
30,31.945172385914283
30,35.63211979399673
30,31.194913846778256
30,30.072577482047276
30,33.50505044869045
30,28.20707976425615
30,34.261841498650696
30,35.48643181804611
30,34.17066201463055
30,35.887090337944976
30,33.90835645656285
30,33.18677141061862
30,33.26742836978122
30,36.12978914068929
30,30.619355876697604
30,32.885875078200165
30,32.13826907140082
30,39.755691087330185
30,29.69928011446777
30,36.26236253394508
30,33.75330404030069
30,33.926793135332765
30,31.567074167468956
30,33.89859997453036
30,39.44536356867117
30,33.39801028199985
30,31.572583315700307
30,33.63151722238642
30,33.030430209030484
30,33.21373404454618
30,34.38783025093555
30,33.313805114663246
30,33.151311656856514
30,37.48745486428349
30,29.337496607976007
30,30.4431315403304
30,35.30264170015431
30,31.504275010852233
30,34.55534157804557
30,33.1664747240017
30,33.477643878793465
30,31.115736688945614
30,31.749662386189403
30,31.59253173758363
30,29.548881772977307
30,34.10292615078141
30,32.60798833193759
30,29.834393490729372
30,32.93916856772709
30,31.14001893644724
30,28.27714547496665
30,31.7007876099917
30,29.14455522743271
30,31.55367060987971
30,32.54061114057532
30,32.377965941340115
30,29.645982934206174
30,34.95258610571224
30,35.16350807716135
30,32.382758848374145
30,33.49220005104333
30,32.38751571311602
30,35.2247373001147
30,31.343118211426397
30,33.78961181856967
30,36.106624232728926
30,34.6678365602137
30,34.080624569746526
30,30.057856722211206
30,28.220371695207927
30,35.919947989818496
30,32.87782431121025
30,34.91314088461699
30,29.861588493684888
30,32.67252461836278
30,32.715634637312654
30,33.393976157441365
30,29.481712982412446
30,32.8958060403025
30,30.859955698902223
30,31.67778366422686
30,33.71624636506588
30,31.25695624591337
30,33.00337736870791
30,32.27346288519597
30,30.2731258336236
30,32.056799369605386
30,27.524596373799632
30,32.883613502772114
30,28.986725105511397
30,35.54896134479195
30,33.451515858757084
30,32.58427815965313
30,31.589980903314657
30,38.68677281453066
30,39.52064989143456
30,31.32335397747768
30,31.799403448663686
30,30.882977742611036
30,31.99843895876344
30,28.369394311230078
30,35.898446229212475
30,32.82976848851377
30,31.611430670124566
30,27.316714262146654
30,34.730831683768955
30,30.54258823905809
30,30.314907965847397
30,32.52371103871975
30,30.348532288092258
30,36.088573467235705
30,32.79037293352176
30,34.57759441339402
30,34.12998789539805
30,30.35653058712415
30,33.36015175259686
30,28.00304724521603
30,32.88457790895215
30,31.651094882874858
30,33.20106730857587
30,36.75648960597157
30,30.420751639519032
30,34.368156877835176
30,32.613112657258554
30,36.69040230408871
30,30.69704894802163
30,28.04101566982787
30,31.758992293260718
30,33.870535554645755
30,29.046915344710264
30,28.849601840746853
30,29.872383915471595
30,33.66088415642894
30,32.58812075032244
30,34.92763235141784
30,26.18026786626795
30,36.9951791214498
30,32.11561545176947
30,35.34710385654893
30,30.481916062192898
30,30.797305618265113
30,33.46403021743247
30,34.73447590984524
30,31.62985986597913
30,31.8316224151836
30,30.823392523201257
30,28.541314683002682
30,34.502530141991215
30,35.7591536086328
30,33.80105660332508
30,33.92379673103804
30,32.44759181534427
30,34.02947712718422
30,33.079857839656
30,31.67454241365289
30,32.69926998580597
30,34.109528483805775
30,29.327026323200137
30,29.4641270862307
30,30.33280831661303
30,31.092605791201528
30,35.59738115032809
30,32.902293598039456
30,32.440035100982314
30,29.769635912169566
30,35.37108952496462
30,31.113745096481868
30,34.83465006855159
30,36.38016602075218
30,28.94887694871767
30,30.750614312749168
30,30.422571059337955
30,36.06741641518954
30,34.13047559753418
30,37.85343339375494
30,26.152141282047126
30,31.228781968196394
30,31.812917886255903
30,37.38948875711094
30,29.323682619991892
30,37.147311868149586
30,35.69899249619672
30,31.33169448590658
30,34.50106892414053
30,29.88370676363566
30,33.21585932917888
30,32.126258157936824
30,32.65525389483991
30,34.959799203750705
30,29.558329466651923
30,33.42265781617823
30,31.464506880548672
30,34.58294064554839
30,31.83217366481495
30,32.47921170875792
30,34.65741694271566
30,35.717023978420755
30,34.63319227102502
30,30.558577434316938
30,36.80376626393035
30,32.79619193080492
30,23.971160111642313
30,38.900124035475926
30,32.106936469304856
30,35.62829557152151
30,35.23324205194435
30,31.704648484750308
30,33.70097223184936
30,35.00885422055691
30,35.797793602059826
30,31.596634990397853
30,33.789314245514234
30,29.692895313743797
30,32.57826137393843
30,35.4336580686574
30,35.218311740027175
30,28.489311086395176
30,33.56833507892761
30,31.37606684302295
30,33.205750337357685
30,32.66597532562699
30,34.49973451493807
30,34.46942535853035
30,34.245325967627714
30,32.10197373872356
30,34.83273445838638
30,34.191687550814855
30,34.27953297453276
30,31.847101134696086
30,31.720927566893728
30,34.04582121169922
30,33.81189780180561
30,33.44240214865165
30,31.908718141521295
30,32.41120732812495
30,36.05837431109466
30,32.30731187245698
30,30.727719137207767
30,35.80812589395409
30,34.333150824492996
30,33.77636401207569
30,28.20269961834515
30,30.406952587370004
30,29.885512454759777
30,33.31914061556989
30,38.21273800229177
30,29.194613590316607
30,30.91028764046258
30,29.132857757537142
30,31.255032591905465
30,33.10352186381431
30,33.45181496755118
30,38.819704166364254
30,33.34194190210683
30,32.60727899408753
30,39.44496394393727
30,29.636413688277983
30,36.36801328302217
30,29.738143356516282
30,30.80009559752666
30,34.36676062456703
30,34.34175063072098
30,32.09008673942566
30,29.96855143438232
30,29.055282283292872
30,25.121711627038195
30,33.57104211633035
30,28.32777151376205
30,30.14480995503807
30,31.641203474411626
30,32.718352132523854
30,29.93551220469552
30,30.530462819006992
30,27.56489779429562
30,33.90807919869919
30,37.36551816395726
30,29.93207927780391
30,37.61895813844306
30,32.708715265045846
30,35.989112855690756
30,34.96877008203637
30,26.327685436679488
30,31.02722705852004
30,31.342187830491106
30,29.74641431007757
30,32.13854724410994
30,36.638577101489915
30,30.560472058536806
30,32.414578218337276
30,33.20166131147178
30,34.056847906294
30,33.396379121450046
30,33.69305060067324
30,29.114414654168947
30,31.54656276865212
30,34.51046926968033
30,34.20192623589951
30,37.297647395480624
30,30.61876407017163
30,33.192239985149435
30,36.14709076978785
30,33.750636151404564
30,33.80582195946883
30,35.177312377141085
30,34.65427422325935
30,27.576968966859774
30,32.46018148541688
30,28.198920107726074
30,33.226508982235
30,34.23628135883596
30,33.66320168716095
30,32.21393860497245
30,32.614880662656574
30,31.78509288726437
30,34.83398128788489
30,29.172936601890314
30,31.934498139687534
30,37.328115575719636
30,34.494655560604514
30,30.583240915723263
30,29.31910351665262
30,33.96095419152843
30,35.97354268505917
30,27.475946135632245
30,32.114710782356504
30,32.40538830884152
30,30.489402704360028
30,29.160142940369727
30,30.662141450782336
30,29.64776294724511
30,27.57129739197926
30,29.337151931356452
30,29.487487651636656
30,31.41813256244326
30,30.720133064272503
30,32.42808175809028
30,35.805166862426006
30,37.205710163473256
30,33.46093272332526
30,36.10989934159231
30,28.373735880452042
30,35.87851824675309
30,32.93804269423545
30,33.256242715639814
30,33.10406205664883
30,34.1594132967075
30,31.09597363105945
30,33.845007291854344
30,36.88842044610993
30,35.939767482983925
30,32.04422180410309
30,31.9162168802149
30,33.977675731533836
30,34.71382046443162
30,30.393226537823598
30,33.284740229959446
30,36.16318259873844
30,29.564793200136783
30,30.673532895111194
30,36.729614863174575
30,30.977433836254736
30,35.51310737615446
30,28.20291906798968
30,34.70539623769833
30,32.63718763554255
30,32.906126093011125
30,34.54512884845902
30,33.60157420474917
30,30.95620652249533
30,33.45049960818485
30,29.121920999654925
30,33.24566375768939
30,29.139941870012642
30,33.168590182390915
30,30.914341649757425
30,35.264245251581976
30,34.31519214117133
30,33.10262417566662
30,32.516326081151036
30,31.21226499468363
30,32.64237474642278
30,35.93600187559731
30,31.142551540446842
30,30.544580110415048
30,33.44285008067484
30,31.51265818591499
30,29.389632357125247
30,31.929042239865446
30,35.875001562541264
30,34.579046403469874
30,33.646714891038414
30,31.468893524412845
30,33.56338768199945
30,25.40507549835051
30,34.870942648257646
30,32.62787444225689
30,35.87063450893085
30,29.484589505417702
30,32.5988023757253
30,31.06393260724255
30,33.94044095365593
30,26.46074570431296
30,37.616703170872185
30,34.190739756903625
30,33.72831557033578
30,25.510641735133063
30,29.53236584541806
30,32.05382533961949
30,32.527589745992984
30,27.491115717707117
30,37.88890409040949
30,29.447757844580767
30,31.34419284537227
30,32.43365897297079
30,36.80913548766095
30,31.586394468499225
30,31.170371210409936
30,31.68016588340786
30,29.474089697762874
30,30.82302933518083
30,32.74321950165151
30,31.719192636631682
30,34.641304476890724
30,28.09172858338465
30,29.70254092219674
30,31.329666395410722
30,33.058551127761
30,31.243711871084713
30,34.44095166071717
30,27.083692728140907
30,32.984330523251025
30,32.95118497462437
30,30.939084407802987
30,31.00327688119961
30,30.658448523649337
30,29.685939436642744
30,26.84831527181811
30,31.509640706526795
30,35.194393211430786
30,30.025566267823145
30,31.724002898401075
30,28.59373442660012
30,29.170678510780704
30,35.3213292953774
30,31.875539416497883
30,30.148782931244916
30,29.574743260649193
30,33.62904961987706
30,36.30405645314904
30,32.93999303801331
30,31.79543568488631
30,32.92086016882014
30,35.97275625256954
30,31.33716267155965
30,32.103614956258596
30,36.17718965287713
30,31.229948364996552
30,35.70632507244086
30,30.989960420057866
30,30.47126555201146
30,34.104353922318204
30,30.11305149261601
30,32.73811347072322
30,29.708464573129117
30,34.29601739745256
30,32.30992250529791
30,32.68882263384578
30,32.66560448592676
30,28.92776581538554
30,32.674311608390965
30,34.40930957388315
30,32.70053498518073
30,32.88790440760324
30,32.01116615479447
30,34.205362852403496
30,31.82203028456675
30,33.398839978417165
30,26.893283294935806
30,29.613687686266584
30,36.764317608378
30,29.743372333079442
30,35.92466403702476
30,28.873879031135267
30,37.39356704423044
30,35.778817931284415
30,32.39622312955494
30,29.727244525582233
30,34.916831304697
30,34.73615919741783
30,30.348181263987573
30,32.10669770219478
30,32.21769708170477
30,27.571838430214463
30,36.825758240341386
30,37.411278477508574
30,26.534145428114158
30,34.71724736048111
30,35.97410084743494
30,33.47963883709925
30,31.63023666884404
30,32.11363186633832
30,28.91505565849583
30,28.636137481326777
30,32.17650071453644
30,32.409314958003385
30,33.52697630779242
30,32.25725557344009
30,34.453589418896534
30,31.333850642546697
30,35.17451042886909
30,33.45827071717063
30,33.24550781784051
30,27.186790758331895
30,35.00915463333219
30,29.867410936369552
30,30.060501792800807
30,36.98966269998757
30,28.21915084512868
30,37.42477512412387
30,32.975183952048305
30,28.328165883087703
30,28.855856634682198
30,28.47735577227786
30,39.501872783616605
30,37.203076351932026
30,35.231236066480676
30,36.25564053121023
30,33.94911918396617
30,30.970882809476397
30,28.042098812733663
30,32.218933149115266
30,30.744893860053274
30,37.936480875931416
30,32.27526278275293
30,31.298419143657075
30,30.74501973403226
30,28.328143794780235
30,29.248353751804622
30,36.158589559538356
30,36.06246844183337
30,30.056869027806645
30,27.98780014177009
30,30.39915181676076
30,38.26930161968752
30,32.559231336359616
30,36.67490601879736
30,31.254371205456373
30,35.63685610796827
30,31.98907371608459
30,34.18594638788039
30,33.732930725847446
30,31.965758490538175
30,33.31667184974082
30,32.85347509370652
30,28.979026042439976
30,33.420984994769185
30,32.43500035719388
30,35.04171941746742
30,30.067492446578353
30,34.3142319711162
30,33.072251464850964
30,29.62318898050932
30,32.8180161138177
30,32.1328089504654
30,32.1227973752371
30,35.495567849279595
30,30.10115999432982
30,30.446471556073966
30,32.017265267560504
30,31.42588484909714
30,30.039009466144826
30,32.220298465537816
30,30.185188845084326
30,27.93665052234713
30,31.224787130318095
30,33.5518173235788
30,38.558278886236074
30,27.178612495609524
30,29.330408943849697
30,31.82448438185711
30,37.7889646042393
30,35.48600250416858
30,30.8711962911025
30,33.15303544663172
30,30.151259708474647
30,33.64798406275498
30,31.97580973707196
30,38.48804354727257
30,30.20250138870201
30,31.00390974580771
30,29.917203432154814
30,27.978103147445257
30,31.54945003232827
30,35.15129403299584
30,27.41305193383786
30,33.80619781284625
30,35.0396599190888
30,31.376977700964115
30,30.657167099620082
30,32.30496612337614
30,34.48857831830272
30,28.612896768435355
30,32.764811044263396
30,30.09383724285169
30,26.875202644262295
30,34.57580892061052
30,33.14664301060265
30,33.72000483548849
30,31.345826624663417
30,33.66448768415561
30,31.65831743253439
30,31.121377729785145
30,36.25798451549493
30,34.09949101511827
30,32.16487733056996
30,34.57894981010825
30,35.649611569378024
30,30.237224360297457
30,33.684837586755215
30,28.954064053654285
30,35.108298545368775
30,29.839303747604124
30,28.05889106459131
30,30.498222492926146
30,34.36106020020759
30,29.369456988526615
30,36.28761233360745
30,36.356586775490015
30,25.847152565025322
30,31.966136934741417
30,34.154617069522644
30,32.90008259904968
30,32.63885751891538
30,33.61293001258405
30,33.128272445488165
30,30.672012140335568
30,32.36989029483973
30,34.10036229056548
30,34.809071339388666
30,31.490661841281884
30,33.43284293453254
30,30.744830316976554
30,31.694527524656774
30,32.130115445249466
30,37.411213008638846
30,35.10656200306829
30,32.60215084905824
30,31.990224386762588
30,33.24335458140805
30,30.577414327087123
30,35.19882897741724
30,29.720094864538055
30,29.48128709944177
30,32.9958321317743
30,36.446444629078144
30,31.02843474937349
30,30.680982268183133
30,28.001068553483268
30,35.30466238807884
30,30.28164375542374
30,27.54674254759425
30,32.419739781950675
30,37.30105568156362
30,32.06460113595336
30,36.21285995918084
30,30.389236145720428
30,31.335943709211545
30,28.108766744552376
30,33.38651131563568
30,31.363626030353274
30,29.014852353304676
30,34.59657269196748
30,27.745226171431554
30,27.9287956868053
30,29.732663815340878
30,30.9109706454156
30,34.21656744288614
30,30.755710128738453
30,33.56953329712166
30,33.851148800311904
30,34.701849676352644
30,39.292435510207646
30,35.25883873171791
30,34.18861005406979
30,32.08488751675463
30,35.326524407973956
30,30.34815292344125
30,33.17783533934938
30,32.366780005984765
30,29.0904670089284
30,29.5163422156395
30,34.21446867606349
30,38.62810052274556
30,33.88924137664556
30,31.99716294821285
30,31.103664700359907
30,31.179414368707548
30,29.43523901663795
30,31.860502918499183
30,33.383961265246974
30,30.12154859434637
30,29.42973291106982
30,33.82713450348541
30,32.20438989622954
30,28.982512206474787
30,32.40364335628015
30,31.565846744310853
30,34.8406556800778
30,30.972312457025964
30,33.716770133894094
30,33.74856201571334
30,31.710282675691825
30,30.867509577613152
30,28.47824375970341
30,35.06767154031538
30,35.54955380615095
30,36.44832457693783
30,30.000803519737893
30,35.38030375805068
30,33.646129264209186
30,29.227147182871036
30,34.173823840315556
30,30.17708874054401
30,33.91548682553086
30,30.60727124170122
30,33.00998628318558
30,35.78061294273688
30,34.70290015960526
30,32.302340698537634
30,34.38416256263453
30,27.69279576479972
30,31.515149360065895
30,34.957211653320854
30,29.217653353995576
30,35.277413913159705
30,31.720086022186372
30,27.340033981828274
30,29.233995681395328
30,36.052906982047276
30,37.113900062669
30,31.49065231256632
30,30.587337846060834
30,33.54726261550756
30,33.785002692795736
30,32.3884937707684
30,32.363509603961745
30,32.75798478705871
30,33.39886565201223
30,39.329783653117055
30,34.737793846207296
30,31.322129886983717
30,33.25532947546865
30,36.00564533925481
30,30.798999690741645
30,29.900944479313214
30,33.10205351136446
30,33.236994052504045
30,33.18806915467633
30,29.086743376138575
30,32.66309263403235
30,27.318759224079365
30,31.910952610310538
30,28.647350667172276
30,29.440918306129554
30,34.241404731177575
30,29.40388620237063
30,37.17015049198097
30,35.11145390438347
30,32.63339870369464
30,30.65806814797969
30,30.99290240964969
30,31.33361982637288
30,30.429150358071052
30,35.538841142967726
30,33.582226554545485
30,35.862141687443696
30,30.194749136853623
30,27.385640607127062
30,31.131166532952165
30,31.492218531065575
30,32.20153124600511
30,34.597527013145914
30,33.44429954254856
30,29.940869324309414
30,31.896103908949957
30,25.184971907380934
30,32.30044973663631
30,34.61379450893269
30,31.256606044528127
30,34.17259741936731
30,34.08733749264987
30,31.367845587315827
30,32.690571325440374
30,32.42704668751964
30,31.54918913430275
30,33.136533742628245
30,33.95966481035811
30,33.27353650324585
30,30.150451084830117
30,30.124130827063134
30,37.178284582754436
30,33.77078339544582
30,34.07145654370685
30,29.56229791891002
30,28.604141717175622
30,24.68665233388603
30,35.636512281740494
30,32.74987140575199
30,36.93654902283334
30,30.975624610942784
30,32.33530914295668
30,30.085909335049568
30,35.53676230116645
30,34.11015629196071
30,35.00665700632573
30,35.82978727837351
30,31.32768343774312
30,34.93543618930938
30,35.88617337232846
30,33.04130775133206
30,28.705393572380377
30,33.9387215148309
30,33.38993328313172
30,28.74203716985373
30,33.045464498129434
30,32.02787058861906
30,28.656041042861503
30,31.881114520226923
30,34.31645133678721
30,31.38064002006586
30,37.64965415904745
30,29.20782622153495
30,28.280586061794153
30,29.4963093108704
30,31.239140644334828
30,28.44369221998853
30,36.72621941816356
30,34.575621605208745
30,36.891388307607485
30,29.083891849543914
30,36.15086403504325
30,28.89126782976265
30,32.09183635558971
30,32.70252925722473
30,31.6125236048632
30,33.08119577299314
30,31.413908874867186
30,32.399156337979306
30,35.03665959834917
30,30.807364257974573
30,35.02340058511115
30,30.40475318548123
30,24.683767013414318
30,29.99946086311447
30,34.53387616000996
30,27.21497517468559
30,32.01406710842917
30,31.958040508163013
30,34.13269396530686
30,27.782793424300664
30,35.03350285431967
30,35.91373623031716
30,36.95368216235318
30,34.06935694617849
30,31.460860135033982
30,33.41378138649757
30,30.515604661881888
30,35.75871520051888
30,38.0079587752322
30,33.84479817133177
30,35.813015377172086
30,32.51804964884497
30,36.467420921756826
30,31.32801531188788
30,28.42005636551412
30,31.12430947993212
30,31.89967574390489
30,30.804706706977793
30,36.4966323942491
30,33.35039327850088
30,33.51464176698355
30,31.854133269011008
30,32.74546174754821
30,29.43679192796302
30,33.96803418971155
30,36.817605623964525
30,27.026635940587905
30,29.771635182659992
30,32.628610349052586
30,30.080994635012253
30,31.504455305879688
30,37.027940906702824
40,42.62242797771848
40,41.04326326125319
40,45.28641887720727
40,41.3710634365285
40,42.30697212059841
40,43.94248988702716
40,33.42587314026817
40,39.41037283190259
40,41.01561727744758
40,39.57632570035236
40,46.146884855118195
40,44.416118473435375
40,42.71209490607092
40,39.811133469123995
40,43.34336246074955
40,41.86773920509166
40,44.392480255143326
40,40.50651994054006
40,42.31537991519338
40,46.70858918965851
40,44.37433355235535
40,46.235187030503226
40,44.58161263587694
40,40.94213238204528
40,38.99712518047653
40,40.129172186675326
40,46.59992914737648
40,48.04009384451851
40,47.93393452133282
40,48.00559816012859
40,47.73273958072039
40,43.5420264384461
40,43.227805064054465
40,49.85242607443922
40,42.93446763174278
40,44.8585062364434
40,42.758674275671844
40,44.12238309546145
40,43.22678570206715
40,39.23390162142257
40,42.12649929723046
40,41.98411388899066
40,43.54271340978803
40,40.62916781950938
40,40.0338847673373
40,39.975742721185036
40,38.794736351639784
40,40.71321535471187
40,36.06064656799708
40,42.57317769715936
40,43.250749209097776
40,43.92113416677704
40,41.64914120934968
40,38.86506157235154
40,40.646762993806824
40,44.134272449568066
40,42.40621326006488
40,42.2713398643925
40,45.986368844614155
40,40.87529923559679
40,42.47393867099985
40,42.968465839149026
40,41.45442584907009
40,42.465966330836316
40,39.196889685083825
40,39.98964253171291
40,41.873303908980986
40,38.42636447775104
40,39.57682036448055
40,43.152240674038715
40,45.515981909671936
40,47.80356245176218
40,41.70806314759422
40,40.57340397050515
40,45.30659742066335
40,44.519865643100054
40,39.269522423050525
40,41.279530103516166
40,41.977987734658896
40,42.750290077582314
40,43.1913607815876
40,38.828143241970565
40,43.19913754895389
40,42.70473636689602
40,34.743334735979005
40,42.1675269846902
40,42.674817111029256
40,43.88670709104703
40,41.72645366732726
40,38.52694631838157
40,41.85002530353558
40,43.5987944644389
40,44.50459235496792
40,39.39833818227374
40,43.60376738781323
40,47.43031327902313
40,42.01832510732164
40,44.207251362639866
40,45.86863962478047
40,39.54324712935607
40,41.86066250334538
40,38.39217329084351
40,38.79883043583738
40,38.01904616284701
40,41.56033652274027
40,43.56639415553033
40,42.97276389065433
40,41.00152050575222
40,43.343489008020434
40,38.632304122411206
40,41.62803692585641
40,38.94682994341197
40,47.98411634780081
40,39.24753832807278
40,44.12478596739208
40,42.9747528600991
40,43.959049734463164
40,43.93237714383553
40,42.39143212992973
40,42.689012770218866
40,46.03604623428858
40,46.9689455970159
40,42.95075073658204
40,43.80226340349815
40,45.77203045533655
40,38.26084129202688
40,47.34577084165164
40,40.15849719256069
40,40.43026376536985
40,42.68459077795317
40,46.682411474755135
40,44.826687132306006
40,39.38147782725843
40,41.215763701224795
40,42.92183926758553
40,43.094980858825316
40,39.64572940810214
40,39.88406910456873
40,44.910793275158326
40,42.26193634288947
40,42.45790953322261
40,39.28727343397432
40,44.19820019221534
40,39.93634314459157
40,40.470242954638294
40,40.60436716324056
40,41.18786159234187
40,46.201119965427054
40,41.76201696292782
40,37.866948622842806
40,43.15751066452422
40,45.964517150656356
40,39.143719523584856
40,42.31955283377539
40,39.98070289810441
40,43.28465826021859
40,39.67707176010794
40,36.93948626800939
40,47.38409720888119
40,43.00383344360031
40,39.6241799643788
40,45.719541623801696
40,48.09189595837974
40,46.95085421354257
40,45.33048512959732
40,43.23335271677637
40,45.440500374711796
40,42.671786338753016
40,43.39285276317837
40,42.44284340201081
40,43.355087127014116
40,42.31134449022321
40,36.97317919841143
40,41.3186298825747
40,41.875689456292044
40,39.99407501286803
40,37.56474354146553
40,41.931013604060375
40,38.28834228906726
40,44.60746199171349
40,47.46602513991653
40,41.03723888773206
40,41.416685286615134
40,39.34522691612823
40,44.02575201979886
40,40.92569968321097
40,38.583915017913185
40,42.678754224499386
40,42.904929256612405
40,37.38153130794453
40,41.94171350822985
40,40.989318939822475
40,49.366544820818675
40,44.72322589759126
40,41.057292233334415
40,42.16730705885635
40,43.90678866899207
40,42.919964010089664
40,40.09967514798683
40,43.268928106346046
40,40.50775402218494
40,46.04666640090048
40,44.83816288138381
40,43.47294753968131
40,40.15913674366043
40,40.615819341945674
40,44.825236022234996
40,40.96379862065956
40,43.57734178189355
40,45.774701508657024
40,43.71534263545212
40,45.77940933419699
40,41.35827441362371
40,44.220328726658366
40,42.4514259719751
40,44.32416160329444
40,41.69257614464219
40,42.657458671179064
40,37.37824719024176
40,42.52496772511312
40,45.23358434231215
40,46.16346108665357
40,43.34062724323101
40,38.65823761162764
40,41.36360572079836
40,44.08100161070436
40,42.39811793947991
40,42.18399231855336
40,40.765779029564584
40,37.65444202224435
40,43.17437077989719
40,38.658923048316765
40,41.09462934235027
40,41.770060460349775
40,46.408774946667535
40,40.80830392325281
40,42.33093913646236
40,41.73860031432738
40,43.40186925501958
40,42.47731930880929
40,43.64902917740632
40,47.18017069072173
40,44.58439919139649
40,43.67446586876521
40,42.9241899496274
40,40.61766304837212
40,40.92108956587957
40,39.03357871121358
40,41.579565669177725
40,42.19865474786978
40,42.10701215768437
40,40.393438273320754
40,40.358010674129545
40,43.928433462268444
40,37.61987874173501
40,42.551213502632
40,39.372674318234765
40,44.07205644035865
40,42.65783026523876
40,46.754313571458596
40,43.76184318616791
40,37.715772694895776
40,40.60282945710254
40,37.39100789643497
40,37.63113533201742
40,42.96241292523169
40,42.88131196217707
40,43.53868481106106
40,40.727381149992745
40,47.24696954366791
40,44.226038705377015
40,40.20817135099766
40,39.92059302061532
40,41.70320544371669
40,40.794743502656765
40,40.513551053071865
40,42.795889139771546
40,45.5956770383096
40,43.42473817368952
40,39.165124317426155
40,41.1222859788405
40,37.77511983059871
40,44.28642612146108
40,40.668309015404475
40,46.19351688819072
40,46.7923935387095
40,41.05062749885827
40,47.67091254773516
40,46.000830392310775
40,39.28239589994609
40,41.906583057534476
40,42.66580452559024
40,42.81184978901835
40,41.816158055897844
40,41.5116088731167
40,39.046200844614205
40,45.774021437979926
40,42.23545270925764
40,38.145775517699825
40,38.2015148022394
40,41.514890299575946
40,43.18627396809889
40,42.36316457366972
40,39.59577702503531
40,38.983292533358465
40,38.43003428768592
40,39.632819568615034
40,40.86633821029428
40,43.25243256332089
40,34.39006116946409
40,43.23472429297424
40,41.13069872186193
40,41.439291702273835
40,43.778218997599105
40,41.79191690439132
40,41.674049275634516
40,39.516209418968195
40,38.786475512529535
40,42.00971155524413
40,42.28723756980567
40,49.23679753422421
40,45.55797618271942
40,42.719194746694185
40,39.80761107965548
40,45.967745846049155
40,45.48416983345935
40,43.12944641546466
40,44.59478181000382
40,38.98356834257361
40,37.47617970792156
40,40.22559365223113
40,40.19003769974108
40,44.574509421948
40,38.3673357114716
40,43.94571258566907
40,43.91823735083449
40,44.13214831611689
40,42.62882090571301
40,39.68099578713005
40,41.359826812751976
40,39.28090455523502
40,43.679889962670195
40,46.78571907824699
40,41.41140406923493
40,46.95915740347234
40,43.74806974978899
40,42.807357807179876
40,42.80989197753252
40,37.66848459984213
40,42.63053489201439
40,41.994810866742235
40,41.14043272890596
40,35.73121900951359
40,36.01491419286515
40,42.18318320110215
40,42.11149836122971
40,35.921986367665674
40,45.60219353702571
40,42.36639711465379
40,40.28752527642137
40,40.71814071217317
40,41.71249794593844
40,41.36443268183206
40,40.47725941463561
40,41.89322180474907
40,45.59303960149109
40,41.72481598937442
40,49.69615850235373
40,33.829055700424725
40,39.887965854498724
40,39.6316144682408
40,44.322446833065634
40,44.06064187187736
40,43.833360128490746
40,46.49915877907438
40,41.79204623401569
40,39.37827365327788
40,42.4194166533888
40,47.716765928419086
40,43.021227390644164
40,42.1036761478775
40,50.16606424701553
40,43.354241653097255
40,41.750909541335766
40,42.07220122792361
40,43.32507011527465
40,47.02734421247935
40,39.62530282308881
40,43.05003448917663
40,37.092146051499014
40,44.37104513015221
40,40.18250480204807
40,40.64282716308841
40,41.1070226048779
40,36.76831899959508
40,45.35807638018594
40,42.47049195632105
40,40.805575984292275
40,45.667583226121835
40,46.439259069846194
40,45.55606768282116
40,46.40501039475004
40,42.265518850478095
40,41.02340846283968
40,38.541338894709696
40,43.147849676528395
40,44.8417622452137
40,39.67936269116805
40,45.40142739792784
40,38.50356684677233
40,45.989697761498675
40,41.49025732825278
40,38.0959955610068
40,43.463527945836645
40,45.193260121200765
40,41.93208171803604
40,41.82329704373965
40,35.89956409859086
40,43.6885132799434
40,41.721113434667345
40,45.01596842324786
40,42.71575904498623
40,44.329348803880116
40,42.21098553593882
40,47.36184583449132
40,40.88625628509585
40,45.75038626951011
40,40.61297283610443
40,43.20136138118624
40,44.688360790520946
40,43.98683341068735
40,47.427841367627344
40,42.50639703075742
40,43.00356926990622
40,38.26038199315866
40,43.9384820143848
40,42.85646124601747
40,43.669571086751226
40,40.07323963167872
40,47.498034625169105
40,46.55886456307168
40,42.48163836254519
40,46.081663888981
40,39.68861060251407
40,37.453244304528006
40,41.61151880626057
40,45.06917697501604
40,44.46291969161899
40,39.12159258493244
40,45.4168814193737
40,44.56326795494204
40,42.26366484637517
40,41.239579363386156
40,41.2647268040642
40,42.261252221577045
40,41.653600942888666
40,42.714943882705796
40,43.00927278264423
40,40.68265344203468
40,40.597599223206906
40,43.6800319860046
40,38.52704435493703
40,40.28713042653849
40,41.20520878209592
40,42.664860434560715
40,40.50886431376971
40,39.19879952615044
40,45.72765647538443
40,42.38976268517713
40,40.50628578518267
40,45.05400415073188
40,42.958174935523175
40,42.19481018102833
40,44.16085727790583
40,44.5487334714227
40,48.85255602156518
40,40.37866734454142
40,41.22017502104806
40,45.751294482936686
40,45.4874321845942
40,39.908194015287144
40,41.13622890389311
40,44.9855911410634
40,45.28286176924652
40,40.336185491102135
40,43.009364754466645
40,49.6691447251944
40,37.25782470913925
40,47.909662521374
40,40.43751198430802
40,40.99557672390634
40,42.56591192977854
40,41.211133694063115
40,39.83488593315228
40,40.14268834915385
40,42.83268591937203
40,44.2469146005019
40,44.65139136541571
40,39.25914072162897
40,43.7512924601774
40,39.11212376912635
40,43.982213039496266
40,46.54500086209141
40,44.110418752175356
40,46.09651462391427
40,44.7241769794624
40,37.465483254408575
40,46.91601175913001
40,45.78231197731909
40,46.47530087851746
40,36.04804308580327
40,40.16382558731682
40,42.28393432961368
40,43.9769181508159
40,44.45667421780951
40,42.624771307552564
40,37.11202783661477
40,42.381805867223676
40,40.1404189957593
40,46.35538617767627
40,46.41712243308136
40,45.069184494271205
40,43.85346099748961
40,37.297531330027056
40,41.05009119605382
40,48.406700621310534
40,48.019456688355355
40,51.693132652994315
40,45.180473310825064
40,41.3468596793431
40,47.693811860276945
40,44.486536926266226
40,46.253653278228185
40,45.591385345566486
40,44.49857121821469
40,39.18749196424171
40,36.88008870408903
40,47.09434217692271
40,43.664855536240744
40,41.32900921545216
40,40.62829035729259
40,42.011429120091385
40,38.724055187576525
40,48.171750838205725
40,42.7662015814868
40,37.53225247022005
40,43.99271260428939
40,38.699310161478664
40,45.89860970345476
40,42.67772589707453
40,41.120723588095764
40,41.176055480378004
40,41.43460908926611
40,43.2733440832887
40,44.55561629412722
40,38.42236411665045
40,38.715052642571756
40,43.04241727434332
40,43.24035783187777
40,50.12372186846676
40,46.88292267493062
40,38.747967607888235
40,44.95981099081478
40,43.44718043471719
40,44.150404699177734
40,40.22264878518687
40,44.25624771374898
40,39.98251070242289
40,38.23136242946947
40,43.88882521716819
40,37.110657879411136
40,44.78396898191407
40,45.307215631729406
40,42.50316967494274
40,39.619547129226326
40,40.31119474416983
40,46.37357806071188
40,42.23710002483725
40,43.8549610154911
40,45.550288709536154
40,42.13183903797173
40,47.25313183397944
40,39.85619714486298
40,41.00476181443751
40,37.20954487938181
40,42.69734004206721
40,44.9953217925964
40,43.52517042481666
40,43.12870613338397
40,43.17996104347655
40,38.329124305889934
40,39.89523129528255
40,47.264080342560014
40,42.11327925554564
40,42.61828402046396
40,39.33227903986377
40,41.24939335891604
40,43.67989839605079
40,44.24011546268701
40,39.11342825590931
40,46.415970031341
40,41.19483670471894
40,37.08648187207882
40,40.57236611394261
40,41.05076001583737
40,41.06415518840732
40,37.10183466126806
40,36.97277025637291
40,41.95942122866096
40,46.21024611677875
40,44.857738675695195
40,44.60826465337633
40,44.25413585943278
40,40.97877838644438
40,35.969152030728395
40,43.693796949136214
40,41.96923851557792
40,40.05179339999757
40,47.45508991527014
40,40.486887518631086
40,43.033415474655555
40,41.822091165008715
40,42.08507011621654
40,42.44283818755361
40,46.039887764062584
40,49.15090681689662
40,44.86590073289858
40,40.898057890239095
40,46.564227444393374
40,40.75453764533523
40,43.24755316346318
40,39.13049859099129
40,43.0268000909803
40,41.31870795900836
40,41.68380726003044
40,47.28498165432938
40,44.892456030574934
40,44.98501858181327
40,43.5457764015919
40,40.74259327339826
40,37.70555005360597
40,39.60042031719574
40,42.0549598696001
40,40.670636574477285
40,37.02523205038095
40,39.349493374620636
40,41.004609008293954
40,46.18097156598082
40,47.66899115757885
40,46.276764360041795
40,43.97667766805071
40,43.73532400576961
40,42.93384354192245
40,43.93490382545702
40,47.35174445775666
40,45.428038802750116
40,40.93636530406393
40,43.872493387306726
40,39.74974272363763
40,46.77852230818963
40,49.768540375957265
40,43.35816793311968
40,41.147617779241436
40,43.41613888413513
40,44.812364391220825
40,43.065409925774254
40,39.01045106166603
40,40.00809475192519
40,44.402004518586295
40,38.38654075746667
40,40.31647661546152
40,41.84744293706909
40,40.41690124065817
40,46.63663343350843
40,43.37993604489134
40,37.36707898373551
40,41.2381885262737
40,45.61379987176599
40,39.76067244868365
40,44.893523200104795
40,41.19561631619622
40,45.566519062488005
40,41.60406164148845
40,43.10278276567593
40,44.92806677031306
40,40.848881807819225
40,42.335273123814886
40,40.8765809823293
40,40.19279950346051
40,46.77980804269549
40,45.314532296984204
40,43.80275687947615
40,42.25359999416149
40,42.357612063703726
40,43.193729571638286
40,40.1734815210889
40,39.279005191284135
40,45.77213750558957
40,40.147045491371905
40,42.79409186332227
40,48.08500903183407
40,41.08463069039557
40,43.90964368754124
40,43.158209738000004
40,42.93129409539018
40,44.577641817482785
40,39.01398973822397
40,38.06873853766495
40,46.972997409925505
40,41.39802166854905
40,46.56092650579408
40,46.99571701518049
40,45.1963192198547
40,46.57174118862398
40,45.47750581198335
40,47.57530241113387
40,41.45104609723865
40,44.166936730335635
40,42.01494332308747
40,45.34105241690391
40,40.50845157241971
40,40.766925298819345
40,43.26978209911173
40,42.48490681035535
40,46.02104860405972
40,45.67480765802009
40,44.3924898850176
40,44.558436417071455
40,42.91324965392382
40,42.03668433477566
40,44.91607799321155
40,39.33361886798759
40,43.17860947116313
40,44.704355545645846
40,33.700583502395205
40,45.259856111092695
40,38.54612178163058
40,40.171426567287476
40,42.23706795475394
40,41.799039853657305
40,44.987686197417894
40,46.66723494806693
40,42.45418485794124
40,40.78444342030537
40,41.683155325173935
40,41.608859835194174
40,42.80371328256717
40,47.29371847561295
40,43.160591856809226
40,39.900263514594286
40,45.22053126785637
40,47.325772948816606
40,39.82665968335702
40,37.63163928172501
40,41.72303843886555
40,46.35342895727904
40,46.49341572461661
40,45.32769787600907
40,45.679007180271256
40,44.646481676121205
40,38.30869912569782
40,41.023431793457064
40,38.31769578390936
40,39.807233422618125
40,41.563513805548126
40,40.2292375377104
40,44.40613618434134
40,44.02063584347762
40,44.372286040611854
40,42.34548674373064
40,41.42994754472657
40,43.721442222046285
40,42.32013145402548
40,44.06400859597403
40,43.47022752406418
40,44.04013283888645
40,44.54853900494088
40,42.58728069215932
40,42.85744218309068
40,41.73203123408611
40,42.514594741144336
40,43.83608579765928
40,44.33263191408535
40,42.878650166858584
40,38.00855115091763
40,45.7035797742558
40,42.354166940873924
40,37.51983837212954
40,41.40195940101824
40,38.30093216302426
40,41.9523145309055
40,44.30981836794058
40,45.00479980249526
40,49.12154441531711
40,43.64984286047397
40,33.0614361144174
40,43.681619513721046
40,35.93600789181885
40,41.936141503241984
40,43.13973235671914
40,44.64245073335891
40,47.68827675437736
40,42.629411987068515
40,46.178605784427916
40,41.87108992208107
40,46.602287518038175
40,43.496604431973694
40,41.495170836925745
40,42.641487078131384
40,41.26307595847233
40,39.1414995961589
40,43.434191460409636
40,40.42542837143817
40,40.79161471811244
40,42.140938688523825
40,42.305005389583066
40,42.230610958603656
40,41.958875417446684
40,34.403643289832495
40,44.01392910477287
40,43.87293130680637
40,44.50546157118093
40,46.51509854219581
40,44.47865801655552
40,44.52397792321284
40,40.64805660652288
40,39.478738414844045
40,41.808544351605
40,38.55302092098984
40,44.512382026555485
40,43.667927828842764
40,47.694279529849176
40,40.550589927210765
40,37.164086193191665
40,43.94463234147809
40,48.65614962726545
40,43.024268056625985
40,41.168388774637876
40,45.19330052397322
40,42.52167310661136
40,41.35519574238811
40,45.04635903072504
40,40.564188945532756
40,41.04212601438504
40,42.208441867636076
40,42.3500062550988
40,51.41543378846023
40,41.964104416547194
40,45.41377709404411
40,43.615357878045955
40,41.5429667154572
40,41.87633602271204
40,40.41918795059832
40,40.82628968580289
40,38.864908348901494
40,39.983789066015376
40,44.93566344243385
40,43.73991407226783
40,39.07533250130676
40,43.8640668607021
40,42.30351448788239
40,40.41669431493896
40,41.53240691345462
40,38.175160828951185
40,41.88920839695557
40,45.56320225657928
40,41.131738565778434
40,36.222360218196435
40,43.318306872623964
40,43.05484407457027
40,39.19585350757033
40,41.87904639882514
40,42.54941514247122
40,39.320555711798136
40,42.621688089939525
40,39.87684718605607
40,38.81510063542899
40,39.20151997388565
40,42.981640453372954
40,34.26506525554192
40,42.57171866513013
40,39.85353890551881
40,38.741754829805615
40,41.85376054178951
40,38.139958438504614
40,41.83066519817042
40,41.012654412575344
40,39.885929897864216
40,42.125620661469526
40,50.3643758040835
40,46.81389232224353
40,42.217781012789715
40,40.343395314945965
40,44.64925491821377
40,39.53277076794989
40,49.02931630945547
40,42.816352291892976
40,43.6653376153045
40,44.75553528557374
40,38.753660983038266
40,44.58082214438767
40,41.35603636211798
40,41.002156271317425
40,43.01799576859953
40,40.2677604450553
40,39.61583139173913
40,43.188544796497986
40,41.577074305706155
40,43.2535620233581
40,37.335701658558065
40,41.29047818494422
40,44.3783879980768
40,44.78851226229699
40,39.71330824799333
40,45.46140021716564
40,43.62359573017208
40,44.19520041904995
40,42.64125693034507
40,41.186229152160905
40,39.84883098045834
40,39.23688705155805
40,41.514352453663435
40,45.68624953239029
40,44.397210128092944
40,43.94097968688296
40,41.95633771719402
40,42.28037018577972
40,43.16527724044633
40,44.90848716781744
40,40.44669976387431
40,47.124327170743655
40,40.5158491832889
40,38.59183479312656
40,45.1305472187711
40,39.52907060235418
40,37.48056248452141
40,46.69261149076914
40,41.8783675825376
40,42.80537777620661
40,42.9553334023807
40,45.39604120592725
40,41.10945481674121
40,45.12881824048842
40,43.32588344830984
40,47.568271427886
40,41.18981462506591
40,38.012033378219165
40,36.64901522718887
40,43.909923455307975
40,41.45946861171473
40,45.609633379274655
40,44.968817530567186
40,40.64763896915286
40,40.52149913400937
40,45.72009849677026
40,43.54050172400951
40,41.523616434746465
40,46.402421276097556
40,36.05567824500551
40,39.23626464380958
40,47.888636007395704
40,44.88761725976887
40,39.635720848038595
40,44.64298614483168
40,40.29303466084647
40,40.15367309329525
40,39.45090253300263
40,38.90760368791343
40,41.56292817621441
40,41.81445149227293
40,42.78004606126122
40,40.82757410418257
40,43.701868498701906
40,38.06110417555643
40,42.74428000015963
40,39.30134293236813
40,36.28016418566895
40,42.10020782900105
40,40.56643517624809
40,43.41653696378953
40,41.586928098100636
40,43.76571425298126
40,40.40532427399287
40,38.50887903209255
40,39.77017368887224
40,39.516574985589656
40,41.050605233881775
40,40.2469800300227
40,44.205425988491065
40,40.898628351343255
40,43.80396939024378
40,45.52711360482786
40,42.012504437335096
40,44.272059728757505
40,43.036234158134654
40,41.042520950193065
40,42.789739758029775
40,38.07335696729589
40,42.415923740733284
40,42.8984614307215
50,47.61237387566551
50,51.024479212866716
50,58.63787918019023
50,54.287662154824794
50,55.687269073792805
50,54.89710914815413
50,54.32713209528342
50,48.7420144677612
50,59.97671381537924
50,57.18978610288182
50,45.96320041156099
50,53.18284769383509
50,57.20372057058059
50,46.4597995332259
50,46.85327693996231
50,50.28618548255895
50,53.47418503166411
50,48.345659136681945
50,52.64144523313352
50,57.24061401896826
50,55.39978193844765
50,50.819366765387684
50,53.61776210354088
50,52.84188443053935
50,60.413444211361735
50,62.8952485690253
50,49.410479414227105
50,54.84784248944139
50,55.15722790035547
50,52.87115212747693
50,51.354529245031074
50,55.18638771520727
50,51.156900691253206
50,58.46337187555315
50,48.92868193351892
50,57.39398772653991
50,54.623129480505746
50,55.15923349339971
50,49.35653669881905
50,45.81067878397688
50,51.77273953840583
50,54.82336714287039
50,54.589838628645836
50,50.01979637357187
50,53.25014381143151
50,52.95421095278626
50,48.99056796575099
50,56.972543775067486
50,50.45793892171235
50,48.23547304685748
50,51.9293180771378
50,49.262363599853074
50,55.44742054211851
50,55.29338494267843
50,56.42474923772
50,45.844374658837644
50,58.591765861589295
50,56.302393126691015
50,51.61346508777984
50,46.620939900726775
50,56.12231177713612
50,51.71441710916269
50,51.80184046347742
50,55.40912753053094
50,56.52791675198745
50,51.82298057792748
50,60.808430521685494
50,47.77850291514735
50,51.08755356809352
50,47.08267965265193
50,52.85145329057665
50,55.15969742989462
50,56.412073712772084
50,57.44133094391091
50,49.558393002411194
50,51.18916945342948
50,48.474947960224235
50,51.89762150926643
50,47.96699157540326
50,53.6504489564019
50,50.870121362112116
50,46.13726612011103
50,52.34277928672877
50,54.918936770781904
50,56.20079878019416
50,51.61949685778098
50,56.28924563711114
50,46.68289557843889
50,55.494354157646555
50,49.24527893700564
50,50.266158557089334
50,50.38791507173909
50,48.576500572139935
50,53.55239180751262
50,47.11186397928397
50,55.21753860089722
50,54.27234639367732
50,55.14416045491838
50,50.84156466265339
50,53.77492484074287
50,47.34898383146129
50,45.77181117479385
50,56.43897789627007
50,52.227961699881966
50,50.30227376274743
50,54.03351899243563
50,59.27645872118867
50,55.40539929116868
50,53.460011733239305
50,49.02705561329445
50,50.29402530911273
50,37.25988622310956
50,48.7228375475167
50,49.31814744646042
50,47.91771471457374
50,55.32244523627542
50,52.70264509856654
50,54.68763163000657
50,53.5580146023126
50,49.131566842566116
50,54.152465896628755
50,48.336192633803854
50,48.865389559300475
50,50.61549922900932
50,54.274235255599926
50,54.20014153821168
50,50.45931737708276
50,50.471102353817244
50,52.11517061763325
50,55.10939340232058
50,51.844528875626835
50,49.24607629796766
50,51.569307133694785
50,50.81429218736995
50,55.55003333668445
50,49.640255948859185
50,51.45210532967151
50,53.97691903980725
50,44.44853788899937
50,48.120815201054754
50,50.615160654699395
50,54.180346276397806
50,48.48647848775383
50,55.99659122881064
50,57.510221291741644
50,48.42366354235512
50,54.26996576945592
50,57.046934239557054
50,61.999149905178896
50,53.036392588339176
50,54.50801394196807
50,51.13009725078147
50,56.714882064667634
50,53.989733655375794
50,52.92198972448392
50,49.71664913141785
50,47.42730510358807
50,57.76627441921035
50,57.16650615081173
50,52.825566158135736
50,47.77229161727102
50,47.16512223687802
50,52.2981544814739
50,48.43339737927827
50,56.24307289616753
50,56.818306723605616
50,50.699884627953075
50,49.352472148111914
50,47.528150327608316
50,57.17493383636414
50,58.13900925359913
50,54.672493369135246
50,48.184340758178976
50,56.35096590147982
50,55.12279097616202
50,45.757324879519594
50,52.46580532589968
50,45.80168560087322
50,46.679743808211775
50,53.90535071772753
50,49.12887437437702
50,52.37949930277632
50,47.98351675277717
50,60.20528043191969
50,52.54573644225357
50,48.11156708158007
50,48.59902349276927
50,51.63926752929711
50,53.78702234932604
50,52.65461310526376
50,51.31381098289668
50,49.08972017282675
50,49.3531323437234
50,55.86457028478794
50,50.88751504152024
50,42.949520380734
50,50.98089464345877
50,48.075706475357954
50,50.69222560067457
50,49.038307592041605
50,59.12388746779797
50,50.42210789735725
50,55.68820325283575
50,51.29183786064929
50,50.42689986931883
50,47.93630178651148
50,54.61194488295679
50,53.587110351106894
50,57.81444876953577
50,55.07721356009153
50,51.10009976348821
50,48.939249111375446
50,52.0328302209728
50,51.14285158042269
50,47.6409183641986
50,51.99866080354739
50,49.32814128456127
50,54.9087770958792
50,48.32869344037306
50,57.02988791550349
50,48.437492245341964
50,47.56897435661433
50,56.70089741316478
50,52.92978109138305
50,52.30701509200612
50,49.883116553315254
50,54.646357273980335
50,57.10831088578698
50,46.81714054583224
50,54.83851875903346
50,56.67823547534603
50,59.18222867972469
50,50.81431125914238
50,55.86837140612487
50,53.53884895121333
50,55.91066836180032
50,53.04490980922512
50,55.74356363355045
50,62.993386468726676
50,55.832895990297
50,53.37339426287359
50,57.78268558453982
50,56.8259344559531
50,50.51733981154283
50,57.111445166332196
50,52.74828502824744
50,51.83408046625653
50,52.50214696843251
50,45.880158929972424
50,59.659372546246544
50,52.164901686192735
50,55.12044098618302
50,57.96155894885342
50,57.49078089054041
50,49.53276993506813
50,50.18549324025809
50,51.555520343831056
50,54.054513761008984
50,56.838096453664974
50,48.91145305125111
50,46.54374343947688
50,51.48917455835776
50,44.84237263073197
50,52.18799805446023
50,58.09231407711091
50,51.94291778090963
50,55.11252957174656
50,55.04646304435797
50,58.3674775690895
50,54.801830688968586
50,57.96073378935813
50,47.72611637413988
50,53.36437698162523
50,50.42949703486203
50,47.09430866635281
50,53.08689144025228
50,53.058897502874125
50,49.6151876646186
50,51.00587103373118
50,50.925578756735014
50,54.807304376854766
50,54.30795023758544
50,50.35733023775619
50,53.179337052708554
50,51.61781506523617
50,51.35065339253429
50,54.21872661116626
50,57.45800370394213
50,52.417088517946
50,51.65727039966209
50,51.34178749779448
50,48.27631138061346
50,58.32216860033477
50,52.73637402818529
50,50.71404000814627
50,55.57587512157237
50,50.40146966636684
50,50.497922838887895
50,51.76287251291988
50,53.95226969548322
50,52.9766960010611
50,42.80837044464142
50,53.71014587568192
50,56.2501142390687
50,50.60226494353975
50,50.597522929306166
50,55.21846416537772
50,50.823711884748676
50,59.06528074695184
50,57.992968633218354
50,56.294086815115996
50,60.14180091606963
50,45.96821927306914
50,47.443944670701
50,54.68237360831159
50,53.03276164711719
50,56.78277297786256
50,53.36521775126896
50,49.83195955769976
50,49.83126554995951
50,47.94233726650581
50,54.60680203326007
50,53.45581399080535
50,50.57801435374789
50,56.795469076624066
50,55.00730245834936
50,50.16384717707247
50,49.754301316701905
50,52.59038777277963
50,54.11678721481368
50,54.63563721421828
50,50.648479354767716
50,56.22882267541566
50,54.275960802838284
50,48.27789289750745
50,57.83421636414183
50,52.79776970111296
50,59.75940933309829
50,51.58156391152608
50,54.482705621624724
50,57.82036907380962
50,52.124744358792654
50,53.08143967878918
50,49.25275657873589
50,50.31012143965672
50,51.707187813895885
50,49.52044019338096
50,54.428353792610494
50,48.00831504462578
50,53.10844178478345
50,55.33478776892673
50,55.66667045512936
50,49.7946082646462
50,59.748566111077885
50,55.81768878803324
50,50.82747888413769
50,48.94082834840872
50,52.96747362098485
50,55.991249673764344
50,54.039266228760184
50,56.7824729213482
50,51.8249205596461
50,59.72669530600524
50,51.125806995864764
50,54.75111939097165
50,53.41698197992979
50,50.15332747873986
50,47.81053226617603
50,56.08447376896044
50,51.90099780765685
50,47.496862475173494
50,48.48313839446016
50,46.21178694144935
50,52.366194052455974
50,52.48494886147077
50,52.153616851749305
50,52.89202576967906
50,50.205313461561715
50,45.58038455794871
50,51.93459003095223
50,49.5250269567214
50,51.6331694119618
50,54.99104276159329
50,57.2826263288494
50,56.13017292250384
50,54.9881876740096
50,49.855243886644764
50,54.724143890475695
50,51.23196442740872
50,56.74334213253318
50,52.73666431959402
50,49.81758250058106
50,50.359872293054615
50,49.132002119884376
50,50.641284759000584
50,52.50630916845562
50,46.141802505179584
50,52.945918128265696
50,59.07414711541826
50,49.288816466198796
50,49.03326935657291
50,53.82472402432362
50,56.53922597086724
50,53.53035035020572
50,53.410942854106125
50,57.8267710880781
50,54.765821327587176
50,52.57742446917631
50,52.53213873233006
50,54.03962491393142
50,54.34328181992557
50,51.95637279334295
50,58.893064520871036
50,53.48786253562288
50,50.616415297283126
50,46.06801698093241
50,48.26736187835801
50,53.30491487866527
50,53.042574480770966
50,48.49278684097747
50,60.77064633201997
50,57.21627072727326
50,54.090148069020074
50,53.948252980804284
50,47.28339688477127
50,54.404666767667294
50,54.42187816444914
50,50.97948137592359
50,59.98289517487226
50,45.11613940478241
50,50.64038089398928
50,51.810702969000594
50,53.570922395505285
50,54.45052345629619
50,57.438004476058225
50,60.85744135924124
50,51.140071773254846
50,53.523837626914
50,53.97708074050359
50,55.123584219101154
50,53.14497061005382
50,55.50804365236652
50,52.53411890498068
50,52.115767980104195
50,54.450898196434565
50,54.59992250558682
50,50.438627736095974
50,58.08745006174257
50,49.70292689657122
50,51.11899075563678
50,52.33634353862919
50,54.18039644291318
50,54.65859109602365
50,55.12569761641233
50,52.64863536994695
50,51.00473010171923
50,52.21459698274098
50,51.62855726844102
50,56.74792555413758
50,47.75127530968254
50,57.14949251236963
50,47.20183056894952
50,51.90812861944091
50,52.187261500226256
50,56.8799265754712
50,53.75936321702016
50,60.76529652341554
50,47.48063241875847
50,52.674117714210894
50,45.87238441929686
50,46.123909276657066
50,52.31151024721476
50,48.2008080858362
50,49.40320248871545
50,55.66274523023871
50,53.17827577600759
50,56.277378422252724
50,53.07472450251788
50,48.92340482374942
50,54.63650861793303
50,55.38592918879184
50,57.00145880114602
50,49.32226735848321
50,53.864060639872136
50,51.837692139926936
50,51.31901828475398
50,50.502138955329656
50,58.13245876497143
50,56.102322343679965
50,52.278050458699695
50,49.706748483602425
50,49.98708771917573
50,55.88910072607547
50,53.23163722914592
50,52.801683138533626
50,54.27022587558766
50,54.62548245347681
50,56.89642009076934
50,56.37528439355793
50,56.332300999476615
50,48.25549073117607
50,57.51552412727586
50,49.7572489655598
50,48.89761738455699
50,49.073483183664884
50,53.23641281096712
50,57.95783072597746
50,50.99891193708258
50,55.23106148125103
50,48.794628838406105
50,56.54844864467742
50,52.36902267719227
50,51.85675672631367
50,55.37226650414105
50,52.0226812838778
50,48.806574405369176
50,55.013952165111114
50,50.41730078956175
50,53.96072756749097
50,49.30453243774154
50,60.31189773192729
50,44.9585722578075
50,57.045426025553475
50,52.67268794021424
50,45.53455041637088
50,46.93550686362801
50,53.123199405256685
50,51.8151062845155
50,47.59305105079997
50,50.79076936389412
50,47.348286721549776
50,50.067809192326166
50,51.207211533197366
50,52.134380667156734
50,49.93275491439028
50,53.69306653230325
50,49.02994505575481
50,54.59733949694976
50,51.73536056754925
50,47.93000860159149
50,55.45567993930912
50,50.27287661689167
50,55.08003183129708
50,54.31149416802725
50,51.08096844187158
50,50.85370704629771
50,55.33442433742181
50,45.23164272111556
50,53.28986228462957
50,44.173374392246174
50,51.336381612005226
50,52.411123614798015
50,51.05581808090545
50,53.13237305644856
50,51.387159962298156
50,53.8690679033835
50,47.49744393438803
50,52.2370293261399
50,48.09970251456845
50,53.29812831231468
50,49.408148669667845
50,56.28351970583468
50,52.495386587345806
50,49.69622020927931
50,45.540759729334866
50,52.94693125626691
50,59.6235195065981
50,57.08727560358654
50,51.048336164182636
50,57.43460029192694
50,47.782469121971516
50,55.20991553537125
50,48.544419520021286
50,44.66147313183769
50,58.13593875600384
50,54.55723677203958
50,53.307136722140314
50,51.295457716639284
50,56.89325264965701
50,50.262907538784695
50,52.69611149599512
50,53.16379087421099
50,57.10744723901331
50,53.34477785852476
50,48.04951290181452
50,55.09766936510556
50,54.749247062888486
50,53.18854180114924
50,53.10341928977255
50,55.275856495912535
50,48.02262977637696
50,46.365170622749346
50,52.802724736715085
50,54.21940588946463
50,53.44498422892719
50,47.98688355053738
50,59.88701525748687
50,51.75653297713033
50,49.416198558485064
50,48.031261870817055
50,46.12647608643729
50,53.659601622966946
50,54.20948117565696
50,47.03901583996094
50,47.85703200591139
50,59.61741815747237
50,50.40309001041467
50,51.84001152589813
50,49.54541602886802
50,53.48782133871805
50,52.33884762354128
50,60.68315956411015
50,53.94220538310573
50,53.875251817174664
50,50.3157847154524
50,42.792632830448134
50,48.558308397738514
50,52.88716449057215
50,53.16483577644436
50,51.750957136167244
50,55.608433999929275
50,50.38798881171051
50,56.787268727907744
50,49.5174149994385
50,52.04257808440955
50,46.1444859747605
50,50.8236752364743
50,52.56241637716051
50,55.98347476559928
50,53.61045909941066
50,48.92424908383609
50,52.49561192150933
50,52.23320549546988
50,48.04421193984756
50,52.07933335080125
50,55.50065511144556
50,50.734008076470836
50,55.9283885713874
50,50.47215421052565
50,46.86116106564061
50,49.30709719410125
50,53.75972697246794
50,54.680798148546266
50,52.80880932650044
50,53.901401227076015
50,50.10808266249411
50,49.03619327315535
50,57.27879298107763
50,50.407329825520044
50,58.76436075989034
50,51.66884905048037
50,54.23346445545599
50,52.16321873316186
50,55.47289991921378
50,50.27013996318728
50,50.07655081751385
50,49.94871072989817
50,48.318401283360984
50,46.288451943759874
50,52.31202724468292
50,58.28212199491107
50,50.73790400270917
50,52.73095599776534
50,55.568483865729476
50,53.657926109262235
50,54.76282588714207
50,45.43763404843288
50,54.88088773106156
50,53.500159645967386
50,56.96904602555041
50,53.549449016243294
50,54.53875057340737
50,49.732296789479705
50,48.31628681549243
50,59.947287084847176
50,54.34139516253268
50,54.90670474208219
50,49.49396006997539
50,55.0302856067667
50,54.352686747669466
50,49.182013194296395
50,49.90903597720892
50,52.152221326455184
50,46.427184336102584
50,52.00876388193473
50,51.09279411311558
50,49.93862556494933
50,57.128163814550994
50,55.69703542472315
50,53.712169710017534
50,54.81592512822455
50,50.51441405743422
50,54.54645027030066
50,55.780918483323624
50,52.65996695082339
50,57.064896055033294
50,51.36898770594404
50,56.805062674800936
50,48.84803246518391
50,54.46834415836429
50,56.06952476726749
50,53.12602388042941
50,51.72171246295151
50,51.333601570446305
50,53.78799041744614
50,50.41146922863044
50,51.94790025145177
50,53.818007723004264
50,55.74878013045246
50,52.35368536650063
50,51.29517768617584
50,54.84178097092616
50,57.38110439160451
50,52.55594717904793
50,55.13738382349117
50,50.313807649904554
50,49.07325605096898
50,54.9932824035162
50,59.057837407603316
50,54.19792156600262
50,54.618671399694975
50,52.04757362086954
50,54.76574538314571
50,50.464577874874514
50,50.485093075115635
50,52.20489514697597
50,50.3470732879874
50,51.30416275536235
50,50.315007061280255
50,55.85301601702836
50,57.0777002257075
50,50.86943214099103
50,50.9815118676442
50,54.81724772705524
50,57.132079612517714
50,54.45962898891802
50,56.70224277525428
50,50.01401829529987
50,50.53031764688163
50,45.59933229760962
50,48.4264679703184
50,54.01192694993215
50,52.122935315818715
50,55.36578171192536
50,53.43073058510875
50,46.673854570890754
50,50.95498065413732
50,48.65277842898177
50,53.80653623847785
50,56.16438025961128
50,45.04279763651615
50,56.85269899469158
50,57.07358835867722
50,58.1780716494336
50,49.93581245859388
50,56.67034063318788
50,53.56734140117182
50,50.87868657814826
50,49.700008100197735
50,51.86263275351025
50,49.43696082536833
50,53.79636441085922
50,54.60068909188685
50,56.02660500116728
50,54.042911610458496
50,53.184159600511336
50,54.57840002869904
50,52.1133993149582
50,53.63630638727685
50,48.645693491215965
50,60.39630225402876
50,49.545772636496174
50,50.9167831591339
50,48.10486337718744
50,49.13351973414486
50,53.08574938389036
50,49.908031995439806
50,45.342146596817976
50,57.57502046708251
50,48.49451393471103
50,53.002595235346284
50,56.8836003735949
50,55.373230074372245
50,56.82811017120176
50,52.02741453799004
50,54.774503501841565
50,45.59330702273682
50,44.883219720441446
50,60.77498531227672
50,59.39513785101645
50,49.03779542092746
50,51.43928189405995
50,54.27520975196857
50,48.47754529965885
50,54.11597532615531
50,52.972132318040764
50,48.29319412767521
50,49.324794562806574
50,51.753721665141946
50,49.251079239145696
50,55.36368673045002
50,56.75591688326785
50,52.445551392195014
50,48.267608705796434
50,52.09021754099676
50,53.97637364494914
50,53.03193768839219
50,49.56925571359304
50,50.64855857860764
50,50.80550696968338
50,51.281015591303195
50,51.591283854922004
50,50.087588107116346
50,51.376890277713954
50,55.89552907266823
50,54.819133753926224
50,49.90302397932427
50,56.186081509708494
50,51.7879196774124
50,50.98803323807528
50,56.953569942572756
50,53.29331150885638
50,50.3941635783859
50,56.88957794615966
50,51.332173656133996
50,49.51708833552761
50,50.953037776711284
50,56.853470704344275
50,56.142776419248825
50,54.64760830292799
50,54.682976901474326
50,57.72882367873264
50,53.17259792187817
50,53.77200674059807
50,52.96477574383433
50,48.770025069767925
50,46.98695527132576
50,50.007647229089486
50,55.12847543755042
50,50.47913399042033
50,50.2207698307612
50,46.80264528611067
50,59.32152742792334
50,54.48287034254083
50,54.514690651918905
50,54.0794027031281
50,55.42758171202987
50,56.40110275277725
50,51.699746934994835
50,58.74480809660616
50,53.08676390458303
50,55.13442164100479
50,48.55654645152596
50,52.7392928864519
50,51.11186321309321
50,51.590249313627474
50,59.49577566971296
50,56.927139636936374
50,53.40605525114534
50,54.67861732468185
50,45.839568622275316
50,53.21083865952256
50,45.63765354053132
50,55.38696636176984
50,55.274424003443364
50,52.2858490130524
50,47.96967685994085
50,57.23131289429505
50,53.61149221761801
50,51.558174103930455
50,50.157754623675025
50,47.39839683844866
50,48.88429976194915
50,54.569201249109085
50,56.924530553421235
50,54.667047749427546
50,53.64313964782686
50,58.51083126306572
50,58.6133193834856
50,54.14972430005792
50,55.606135680838705
50,55.791406528904474
50,58.64091261513261
50,56.026938200439744
50,52.125550958221844
50,51.145386006475356
50,46.50617434307022
50,50.10818901401484
50,53.99412739361333
50,49.96230953294709
50,52.3198339019322
50,55.9560256354724
50,51.360715775295255
50,47.19946361353156
50,49.36885473831344
50,51.84483774723549
50,51.58229415422813
50,53.42543254948512
50,48.2549352930836
50,52.160925192394245
50,54.86205036047211
50,52.35912161644511
50,54.18028086571933
50,49.90805722031944
50,59.284223812195975
50,54.988118371953135
50,44.78182158277765
50,50.47032264556852
50,46.74099894266882
50,52.70185941360004
50,56.14346479601738
50,55.26794798591344
50,55.56068440793965
50,52.23860708552034
50,55.20936332316801
50,50.86256158873977
50,52.25762881207089
50,53.40274599997172
50,50.152709731154836
50,50.477748243011995
50,54.35298832732541
50,57.40355421392964
50,46.0381650018494
50,51.69677076740647
50,49.505586253531796
50,53.97011612302829
50,47.003574082332854
50,51.48898877698888
50,55.73601133353917
50,51.94424117359346
50,56.12096810367649
50,56.60262169123696
50,53.8772271217889
50,52.76532795506647
50,52.37908277958001
50,52.75589694109644
50,51.759363368590144
50,50.472259572650856
50,50.412893898959986
50,50.86988214515381
50,51.747149862710124
50,49.34822427804802
50,60.07327432231654
50,50.91133211391326
50,54.17703723895406
50,50.313749810575686
50,49.310560234313904
50,55.739427855518045
50,59.48807286047878
50,54.407355533891895
50,54.060661358596285
50,52.485105835444976
50,51.515167740671124
50,54.570703988739204
50,46.99649647170768
50,57.975941951098015
50,52.005942638308966
50,48.832200054009334
50,45.998530046883
50,54.055738331257174
50,57.493766851879265
50,53.45998419000106
50,47.62296581936822
50,60.21970400214435
50,52.5872632478897
50,51.6305556489757
50,52.64231408362318
50,54.566862898498634
50,50.49321883654308
50,54.09422883673438
50,60.413199057847635
50,53.50634236368212
50,54.94650432107556
50,51.336239520995605
50,57.42571843848727
50,52.35046886360077
50,54.96901528225435
50,54.11275021852352
50,53.12612871535214
50,48.24557926098934
50,55.32050939871061
50,53.51314052305733
50,46.11862834709302
50,54.96827069260881
50,44.60089937760733
50,50.28405102268279
50,51.29325420653459
50,54.136231037657964
50,50.54068825980951
50,54.683237026097295
50,49.09603420745527
50,57.92060166764008
50,54.64967609687755
50,51.97552514315102
50,53.51603657663122
50,55.68209354100068
50,55.54029397150345
50,51.737460255466765
50,48.54119267820771
50,50.355548697681236
60,62.26797646410359
60,59.92399616320814
60,66.77622404662168
60,64.90879093182679
60,65.54188353398688
60,66.55659666099307
60,63.40760453948813
60,59.78009707330973
60,56.196160029449736
60,66.43309496181999
60,60.569704469463
60,66.60672159778257
60,60.06731100824674
60,62.29492110278911
60,62.71154915073209
60,60.16376107682136
60,64.6136377032074
60,67.4220137824463
60,58.134619006034995
60,56.87131706278536
60,57.19690894792129
60,64.32670271372368
60,63.548442165135405
60,60.03797082705702
60,65.42104528034686
60,68.00481028248575
60,69.84656106431679
60,65.79050210641554
60,62.484930814137336
60,58.968526263843394
60,61.617626438013744
60,58.18747212546569
60,58.124060111640325
60,61.0492487305817
60,57.45063255272064
60,50.73389873174834
60,66.58967917334994
60,62.70894094443729
60,64.58446996576252
60,66.32617988752139
60,58.88613187839852
60,56.872964677762006
60,58.41937569721766
60,63.8338166571776
60,65.36615810408931
60,62.40011430333858
60,68.30316675734518
60,54.42474386188874
60,64.64515376097715
60,63.88903559095328
60,62.29952410200198
60,66.14175268566123
60,60.59784183952077
60,66.14243377429526
60,66.95833517231627
60,57.937571150217295
60,58.702345261866
60,64.51312301942697
60,66.01210576808106
60,68.9994804625231
60,58.98677185148183
60,61.62713571099516
60,63.57102306696768
60,62.946744774659706
60,67.89617439865818
60,74.15810010671152
60,60.889511294753085
60,58.69074104153961
60,66.10196263303634
60,64.1472668964195
60,60.30472236540004
60,62.14370153860011
60,63.31764536517119
60,68.18613899409463
60,57.96640401345823
60,66.22356541407066
60,57.4002796264414
60,61.73643984100804
60,60.048356454707445
60,62.87699723343914
60,63.6733004603211
60,65.23422778297696
60,64.56511268772522
60,63.16513339533872
60,58.71738918102798
60,69.98043232356142
60,54.302717781856245
60,65.91884369089945
60,62.12036135860668
60,57.99452918865108
60,63.07068533703709
60,66.59113487218983
60,60.40868434314246
60,66.4338199324163
60,61.12054855212366
60,62.29404656634201
60,67.74580235692832
60,58.841856506122745
60,69.37144045034539
60,63.039037058648134
60,63.71931906981986
60,66.04462178835799
60,65.2171782640354
60,60.36142001966806
60,66.28516378126805
60,61.72556660955493
60,56.71748805550011
60,61.203798849999835
60,59.85435069107007
60,65.22812445141584
60,64.64626040763052
60,64.63383191947813
60,64.96637665703012
60,67.56713542652386
60,61.02398316635629
60,67.5955651571635
60,56.32151427777853
60,60.44784384155638
60,66.84659021801019
60,60.16829835647598
60,67.19345353942353
60,66.73142211783201
60,63.6433478476277
60,53.64305672049572
60,57.06848742699795
60,59.17905362714451
60,63.026839511809534
60,63.6265350561744
60,63.067520756803646
60,63.270256927370326
60,62.629702762375345
60,63.752308046912155
60,61.56916719070513
60,65.67997200342207
60,60.322195651420046
60,62.40257974991418
60,52.28781963581771
60,58.5265741062115
60,63.50742614097919
60,63.858126722806546
60,62.8549627738653
60,62.929429324249455
60,63.20304253672452
60,57.41751888355539
60,62.4513987484289
60,63.127079002275835
60,62.005329680738456
60,59.387860365017644
60,57.50992738383812
60,69.12871147136677
60,63.43232927870185
60,72.27873488496203
60,58.797864284186005
60,60.654677723118205
60,62.85272973196604
60,67.0415055742018
60,60.56421530257176
60,56.932954632274054
60,66.08531204047996
60,60.12623990374632
60,59.04324780509141
60,68.95654992051539
60,60.803913885471076
60,64.34189591007299
60,64.70214727608527
60,67.74478976891754
60,64.99118346024434
60,60.88465082888756
60,55.456890309615304
60,58.65672125688276
60,68.78185946652616
60,62.472181984559164
60,64.06826517775906
60,61.60168104966136
60,64.33518665229339
60,65.49979395415501
60,57.77488347372319
60,65.6730289598979
60,61.86717668068525
60,63.705555048391915
60,61.157503368668635
60,65.58421565395346
60,63.535180542524785
60,67.34253329888966
60,72.7781333573906
60,67.09280827510496
60,58.41810449872349
60,59.877146704207526
60,63.92591420574812
60,55.64354987432168
60,61.97263578220981
60,58.543536241731076
60,61.69008558542098
60,63.15811171754271
60,63.018922846743756
60,62.672041704632065
60,60.81200690525049
60,64.17069254047549
60,60.89025040145517
60,64.376184018979
60,63.97426639127993
60,70.81778703452605
60,65.22596339217141
60,67.15637676457406
60,62.66346566592934
60,60.43959929946309
60,59.080315144698176
60,62.140971275359746
60,58.155444955031626
60,51.88627361260375
60,60.7005940412727
60,63.84273933421236
60,66.54796152831268
60,55.15775322826448
60,63.79923446944981
60,63.648871802275295
60,53.562569548847975
60,68.27739489780875
60,60.064804230195236
60,59.20698542562731
60,60.57391625452659
60,58.669492345992126
60,65.44135360626268
60,65.4653962053592
60,58.332396638994176
60,67.14690485359607
60,69.81519830501485
60,58.913423023688004
60,60.99562019934856
60,63.06461849609824
60,56.54397915496128
60,67.8705424895335
60,67.39923833206666
60,65.74443573765843
60,54.81628680485164
60,62.85280759545448
60,67.0752496713384
60,62.003021439597326
60,69.34386977775344
60,66.42177227785841
60,74.97031245719637
60,62.15222780771256
60,63.30055235196703
60,65.55407031677997
60,56.847088403098994
60,64.32981823700156
60,67.69768816718413
60,60.698856760035774
60,63.287411293265194
60,64.82175976213973
60,67.63096520891203
60,58.8087111357366
60,61.29206651236022
60,61.213561923051756
60,62.79188456090803
60,60.02319773745649
60,62.42514275404384
60,67.54472559893495
60,65.69721879725203
60,62.37346866773439
60,61.63730400477759
60,70.27131362694905
60,66.33133478605785
60,65.49030773659804
60,54.925304029423586
60,64.89152917145226
60,63.23124946805593
60,61.38853246482771
60,69.24335030196488
60,63.17159601609142
60,63.8257153434629
60,60.13247851543837
60,55.861010123056154
60,64.03707072552561
60,63.54810740947562
60,66.06424424096467
60,64.03096916338656
60,62.07382239337256
60,57.843905487620255
60,66.66484873857651
60,60.45878364654585
60,65.11340387737812
60,67.42179172169818
60,64.28580493517694
60,60.30925669514443
60,70.04875454749285
60,66.38511380372739
60,55.287780400723555
60,68.56820381556615
60,67.85945531159645
60,61.19466281265839
60,64.0966934234086
60,67.0473603832602
60,64.79436199919147
60,65.42570520054345
60,59.86031104878882
60,60.74073078973502
60,70.19657838246569
60,56.29302410022316
60,62.38005619236505
60,56.96993076294185
60,64.50279680896169
60,56.65965086433921
60,60.6275119844553
60,66.93567745020616
60,67.6857291776861
60,62.64076220975797
60,63.50627609726995
60,61.13683501298014
60,64.82948030739888
60,59.372450327412615
60,66.0563413571503
60,62.81412125050057
60,62.30115305485872
60,58.07245338781354
60,61.52083683261759
60,65.57205382580054
60,66.16072136969134
60,57.943299006694296
60,66.08551131868099
60,61.93444056638542
60,60.29926379627741
60,61.57260379721014
60,62.71068330406667
60,62.987438256482264
60,60.690459269378124
60,65.79972266843859
60,53.358119810900895
60,57.50768921259667
60,56.70031797136272
60,68.8281524220062
60,63.62684889483034
60,63.75197535031183
60,59.028584310777966
60,64.49347907995826
60,62.44211805933637
60,55.6046359842956
60,60.726445692384175
60,62.347517120937034
60,69.48759217617425
60,62.993768340477295
60,60.82174685478628
60,57.363733575346004
60,60.97496140773231
60,62.93458240708757
60,72.86730671327443
60,64.75925304869958
60,59.85455669662372
60,62.42378233708785
60,62.07421265282916
60,56.34928641121722
60,62.44530547004499
60,59.90442073995264
60,60.54772561252556
60,59.23954162691832
60,65.50732265376493
60,62.923674558108544
60,64.34565249021215
60,69.8630112364337
60,61.792747335525156
60,61.08798118499297
60,66.798145037057
60,62.34895733650224
60,56.110638230996074
60,64.73396164175712
60,64.3310334877262
60,56.58880378706137
60,65.22282150376626
60,67.6150111293447
60,59.15585283087781
60,62.83974622948974
60,66.26419922215453
60,68.82288099908556
60,65.70716445267303
60,63.34522275176324
60,62.76942123633917
60,67.72061913655438
60,55.448342247285034
60,63.867360746313544
60,61.27803245389407
60,61.02697963917825
60,55.313742419522974
60,61.84999813374429
60,56.77821506831896
60,54.222154599414175
60,58.714546239303075
60,54.48319814159489
60,66.09017961625155
60,58.86102045990177
60,63.30739294499451
60,61.56830750879599
60,59.94909638569344
60,59.48147606534831
60,58.52829480023717
60,59.19530445877255
60,55.81425382715726
60,60.084853980982345
60,64.66059143990157
60,58.221888618659705
60,68.77027776258107
60,62.56703748642571
60,58.872302455460215
60,60.05888860750687
60,58.63018452769175
60,64.93621529306512
60,56.76233861121156
60,67.87270014821456
60,61.262717770423755
60,62.18816533191271
60,58.743384035079515
60,60.95846429737082
60,62.39421189605383
60,51.10150338348113
60,68.62977803366189
60,54.74033655463535
60,60.99468780440682
60,57.36911239643642
60,69.66471082413496
60,59.421914765908724
60,67.27696601559605
60,65.69064495526308
60,66.45030856749163
60,61.89301830586539
60,66.62648363642298
60,59.69761092378484
60,58.00388319498594
60,64.70280238437722
60,61.66904922043047
60,68.18896800270753
60,57.51432093746007
60,60.258413568588715
60,66.38261740903255
60,63.64751139601633
60,64.02566929944068
60,63.96744570750485
60,62.21817660822874
60,62.161557891026874
60,68.76809705690273
60,55.97542420301142
60,65.22242683741614
60,53.99543293204955
60,63.63514362222875
60,56.805607044374426
60,57.99065559885749
60,60.845925767004076
60,64.46842263182941
60,66.7014630060454
60,60.422174015684675
60,61.80858332232442
60,64.24911632169996
60,58.02971093814953
60,64.48889128483304
60,64.72039810371272
60,62.69619763719169
60,63.49801244126771
60,56.84965730026589
60,59.67132510401133
60,63.210065047964925
60,59.59027930814398
60,62.210627978717696
60,58.97436866761184
60,61.613928948339506
60,61.422571320481175
60,61.45871867844332
60,62.081196413024436
60,64.36127817170014
60,65.40669061935444
60,63.1087460172219
60,64.60234070127402
60,70.02735371866234
60,63.30705312284542
60,63.77152653262247
60,64.3549115071399
60,65.64548184844264
60,58.43821500907732
60,57.278654270980155
60,61.13321022170544
60,59.41143140399239
60,53.51644345415753
60,64.95016882765954
60,62.5130040251701
60,65.20481898817725
60,66.452155767505
60,72.95951548297393
60,62.52406672586513
60,62.47391682489867
60,69.17470968704313
60,61.61703598575423
60,65.91920536996795
60,62.05197470523321
60,61.48593401465768
60,61.95047130467392
60,63.61812333084666
60,60.58344089743024
60,65.44174456348595
60,67.25519703901068
60,65.58544589372693
60,61.31168354574067
60,61.662477163460025
60,60.67270783175364
60,62.89483083986448
60,56.995447492996085
60,63.55667447844981
60,65.36724839348199
60,67.30038026632434
60,65.01843857562521
60,61.17504533918636
60,60.221167676925184
60,59.74061188654112
60,56.750421675838396
60,64.21124428992974
60,64.78871234399067
60,58.887399968197826
60,57.50186011597587
60,68.64099585583652
60,60.996427707748374
60,61.43966329758257
60,68.68319489393747
60,71.52394543048028
60,63.798879091770864
60,62.31787932784353
60,68.93214358849058
60,67.11667713660997
60,58.58737687653713
60,63.402002919712025
60,62.722456223187855
60,70.68501290120287
60,65.18121636842751
60,63.296330191235555
60,55.33096403158265
60,62.09284683215601
60,63.35945291298446
60,60.487443139287876
60,55.36323262032997
60,63.45845756525792
60,61.24300524137628
60,62.21339448897938
60,59.86454758861081
60,61.292003080596785
60,66.76091523789644
60,59.55353139144462
60,58.80416624147785
60,67.31215004546495
60,63.195547884732974
60,62.20131970490587
60,63.03364209635265
60,67.2935647251635
60,69.72090255482382
60,60.14872109734402
60,58.893193832246425
60,62.57749986270275
60,60.44372794105
60,68.20377180324076
60,61.14002200364594
60,66.13749567244139
60,65.85450804147389
60,66.25635516092979
60,61.5584604626524
60,66.60873620927102
60,69.46444875700386
60,58.99508653872166
60,62.23393925525643
60,61.25296868721882
60,58.98042321166231
60,66.51014721817435
60,67.33772707234658
60,64.2347862617468
60,58.81092637394346
60,63.51305081920888
60,61.76641365750826
60,61.0141503854972
60,59.719698328324334
60,63.68190830815455
60,63.75968763934812
60,62.9455784389714
60,60.57263670027318
60,61.965287543057705
60,61.221732711686776
60,62.2439389103502
60,66.2465552960618
60,60.79899375590729
60,66.46716480928853
60,61.532361293472235
60,64.78284653417256
60,63.697359296020636
60,62.70250642539161
60,64.55566621457216
60,64.69177692442541
60,61.31400140469729
60,62.39328101972618
60,65.17514392155891
60,66.04733847184428
60,57.394991841377404
60,64.95535823635619
60,61.98532051149598
60,57.64924109124575
60,64.47746018209486
60,64.39825875738251
60,67.80462481267038
60,64.13294240546088
60,68.55540982397979
60,63.821354980120404
60,68.50041753436768
60,65.13859453220537
60,61.48044678677154
60,66.95765391772838
60,62.37947798562299
60,58.04272223000864
60,65.20048187198532
60,66.24159938005805
60,57.93822956007068
60,61.77845449192424
60,59.11083608076273
60,68.09962986777342
60,68.3125810453773
60,69.91018737958139
60,59.79051699226905
60,58.50309911660003
60,65.15231723494583
60,66.05960387910422
60,59.34368784075496
60,68.94768985279208
60,61.3412786796286
60,57.149409903767406
60,63.002170114262334
60,62.51781048483696
60,54.190377367013014
60,65.13187404998726
60,67.67207882895617
60,68.98666540806765
60,63.830075343645454
60,56.45968495120678
60,60.00264555538799
60,60.01353472132007
60,71.28267379847985
60,67.65797308148015
60,59.49314490833631
60,63.55025619759676
60,60.38945273039628
60,58.30434331390762
60,63.180914631001755
60,72.09066813530626
60,62.51600353510807
60,63.34463754184701
60,63.35730409517581
60,58.7093382138249
60,64.55200834678168
60,66.25613242023157
60,65.2530596023757
60,66.2631029198329
60,71.5766062154381
60,61.56541984435352
60,65.43701627933022
60,60.788057063395215
60,62.12713076676726
60,59.40269478624326
60,65.63222807745795
60,56.77579676436266
60,60.56641608990975
60,62.15236921585581
60,60.099295549142504
60,58.19509910267542
60,65.63917787184076
60,63.241814771407746
60,67.1236425935353
60,62.352906232332685
60,54.32237474579151
60,64.39782333414999
60,63.86244099022419
60,58.332247121544476
60,57.034159563306225
60,62.88538941954883
60,57.073923345121486
60,58.84636284964691
60,67.58975699087034
60,64.77161068574762
60,68.25400968931106
60,62.23917154010858
60,62.916652896520475
60,66.52132217760597
60,59.27594944329496
60,65.89985743546261
60,65.01584467791439
60,60.84657770212145
60,63.65404980826498
60,67.48914367069177
60,62.648157340518466
60,70.18163786556988
60,65.65349279175794
60,54.26471638954432
60,62.58206642792836
60,60.00567853267279
60,61.907626489298025
60,61.44845412728156
60,57.94444797581533
60,69.9731055703048
60,68.2583926857954
60,62.77735883863652
60,62.936248515054885
60,65.1701219365548
60,57.18528465584445
60,63.84087540133887
60,69.62943597527995
60,58.42051486054527
60,61.97653058167066
60,68.84458742306352
60,60.076747755712034
60,58.06078659179099
60,62.57239544856571
60,64.1011928518405
60,57.04227392702033
60,61.764478533036346
60,56.03735028432045
60,63.07457383925372
60,64.48189995320156
60,68.36439147730674
60,60.908882801185705
60,56.88415720419293
60,55.469238067666126
60,61.54168965841473
60,57.79629032860723
60,58.81115603478063
60,54.55491976677142
60,57.290115005339544
60,61.48577531203257
60,59.695751053712605
60,59.301087229340204
60,68.19543418343302
60,55.45936573731454
60,57.26650371321488
60,62.66474696699027
60,61.292661609394465
60,55.09892769047806
60,63.74190713921313
60,65.37506018187567
60,57.00749147893705
60,64.16244425752888
60,60.85769487343463
60,64.47222106199499
60,68.46132222745617
60,68.1005838885272
60,58.00664114377667
60,68.69258938661409
60,62.03058106380146
60,61.88978149650491
60,63.0089654541319
60,68.7529004502241
60,63.76179876725444
60,61.456526523350206
60,63.29292006296738
60,65.88740763389983
60,60.604042633386086
60,64.28868760635947
60,62.896076732136216
60,61.52148788781259
60,62.13862545012734
60,62.90828142473674
60,61.87055159871416
60,64.86887553547453
60,62.496638930897916
60,60.78348318490754
60,65.2276587840635
60,68.6447957099849
60,68.85878288007854
60,64.46745644643138
60,63.829903710687184
60,63.36161852451263
60,57.87278192450323
60,57.50459248162119
60,69.68153931007804
60,63.522461111671305
60,61.986828332684254
60,63.165711203756096
60,62.94208574301535
60,61.356255768053074
60,65.84134006353973
60,60.92611572567952
60,65.14888861991047
60,65.56300767217809
60,62.79003979820682
60,63.374807587668755
60,63.1998438763208
60,55.20501156979326
60,68.61921586461742
60,61.423699460465635
60,61.76053993830241
60,71.38280472099744
60,64.45340162336859
60,60.758086570906016
60,61.64300603040313
60,63.02927613663319
60,61.63040971460793
60,70.82000683164767
60,62.17925913612992
60,56.48289703275202
60,56.45876769595752
60,58.544312615635214
60,61.606921570383804
60,56.64392974930624
60,69.037251947692
60,64.945363298812
60,64.71386023491901
60,65.12784907155779
60,53.82379195123406
60,61.68336015388548
60,64.62869699907797
60,62.85832172232036
60,58.69607302605165
60,63.69415484913281
60,65.66627078425678
60,64.90283668294335
60,61.38601647239214
60,64.9986913713708
60,67.06802627942179
60,63.87150489764288
60,59.80425906811592
60,63.53122617050417
60,65.49437723586377
60,65.79191240215978
60,67.21896443772198
60,64.9907687031705
60,58.23121474446874
60,52.96577731656353
60,62.28681244943921
60,59.5206175835117
60,59.137040481215145
60,60.92850396757924
60,67.7335850240497
60,63.576996251528165
60,65.4360893405717
60,58.579571454946034
60,61.17815073549434
60,69.6825497936792
60,56.60847790302075
60,57.33019764245944
60,58.647700918733925
60,59.743188009612716
60,67.1331018395052
60,64.52661279967263
60,63.431203246736196
60,60.245734088522646
60,65.91819829139152
60,65.29374467663227
60,56.547581612108296
60,54.72392661574149
60,61.285067322549125
60,57.75946317135368
60,66.42396402944382
60,64.14065333891878
60,65.02881879582422
60,63.55466010389529
60,61.71730969244902
60,60.53417393788926
60,58.48207105595895
60,67.91011524575661
60,64.03561700470343
60,58.06845994834932
60,64.51461554218277
60,66.63099560075965
60,65.82345129890254
60,62.04519896009127
60,64.71182308618725
60,66.65935708550188
60,67.8986999921334
60,61.10237406121863
60,65.56597631859823
60,57.79067746704837
60,69.17423700709529
60,61.43191608805267
60,59.717615164177346
60,66.30987410790085
60,69.30749045623665
60,70.58567677235162
60,66.05060913676486
60,69.50717535940075
60,61.8262374503116
60,61.95484599741137
60,60.591109150880214
60,65.38255112815183
60,62.329713473216955
60,67.29303299481057
60,67.94974044081528
60,66.02715988332159
60,58.20767360725936
60,61.84876458725529
60,69.71877121289485
60,57.50243644431122
60,61.930259479477215
60,65.4802945738314
60,63.89212918736067
60,64.45553983365427
60,65.3552032455001
60,60.855256165879894
60,63.68985598449284
60,63.45169769385662
60,69.6699647339236
60,66.24470358056809
60,63.61909381901792
60,64.58402533903642
60,65.80181102844702
60,63.13233378956475
60,64.37662871613503
60,60.96550452190453
60,63.16744847553872
60,60.483473068003796
60,65.15848582667462
60,59.448939204705745
60,58.09483193043809
60,64.27711327569948
60,63.88833281882889
60,55.802619074797406
60,62.908591404332284
60,59.2506752778281
60,63.330871929124
60,70.9506967314763
60,67.68303348667698
60,59.82380568620907
60,65.74868291901414
60,69.43073044752364
60,62.663396798023626
60,64.36144669960028
60,65.77896416895621
60,61.358313424797934
60,66.3468533652032
60,64.6472421014274
60,57.751029631367125
60,66.38883135815435
60,58.61081575573545
60,62.35446701315064
60,61.27668939989129
60,62.730224902693166
60,55.38305263787776
60,59.90758481064507
60,61.33772286867256
60,63.939286024244126
60,59.38347374522472
60,58.91042559031127
60,59.26523833283718
60,57.56164347373723
60,61.01154712353458
60,67.55936652914984
60,62.428157157408386
60,65.07289568166395
60,62.854181226062586
60,58.76129199584589
60,51.27592769717608
60,61.0144414862601
60,61.415671618539164
60,64.9742516407094
60,61.41897489726985
60,65.81082847970792
60,61.34363319141507
60,56.27812091992134
60,66.12142354787561
60,61.943651461564876
60,67.06306274146583
60,58.96855669730796
60,59.34693699318208
60,63.395834105086195
60,64.04344881208476
60,62.83928814570716
60,71.0257132662016
60,61.25689616828438
60,64.44424696208242
60,69.68102142016137
60,66.06128085927801
60,68.87539176393805
60,63.46063180763176
60,63.380263491097594
60,63.13048583704265
60,62.70725377094709
60,65.40702566287192
60,57.79222642443148
60,68.03310409008175
60,64.38038370961401
60,59.440136648894864
60,60.13206008240105
60,52.42758916572938
60,64.79607234325263
60,65.72408335638183
60,56.75001634036933
60,64.45156201073121
60,64.03264436468717
60,62.96502589070575
60,62.582070674631396
60,67.50540475197042
60,61.442637075059785
60,63.474432470575515
60,67.20027695174133
60,61.28411380585334
60,66.68160545450425
60,60.943809656355704
60,68.27045540075423
60,60.709871670815375
60,55.96491142780647
60,55.295590446295506
60,65.18378553378102
60,63.233837477315106
60,62.78084320666667
60,56.24134775442153
70,71.87154856285353
70,70.38141105241856
70,69.57130944964507
70,67.12411241402008
70,73.49385732499128
70,73.30048861775558
70,72.5523066988952
70,73.94289132038458
70,78.21091278207055
70,73.5934793377535
70,71.53916261780408
70,72.67454993948974
70,75.02141420506572
70,75.14476280276679
70,79.37412435058226
70,78.34825577857973
70,70.21527439466176
70,69.50662379981252
70,74.44619455876962
70,71.79646608394171
70,73.0394115209278
70,70.04355625174121
70,73.10079403406199
70,75.48152105821283
70,74.12809842849053
70,75.09672276361583
70,71.00969440482136
70,72.29770109726937
70,84.05760872085736
70,78.50735548986817
70,75.49966937152608
70,67.09476233136273
70,75.47262007412881
70,73.95683717361213
70,66.35679002905836
70,81.83349426180992
70,82.73600095549881
70,76.72693928276324
70,65.17789970514073
70,78.56160633407461
70,70.03221924628319
70,68.3954608200555
70,78.72134983241907
70,83.01142826886229
70,68.61760064588515
70,74.14344663107276
70,70.42045016329209
70,74.64336599938903
70,75.55896812975658
70,77.89873700047897
70,74.25850839759457
70,69.55552964175513
70,73.52524645714539
70,75.34184796341475
70,72.21340454299612
70,77.24894575128633
70,73.94364022813991
70,73.74613865488396
70,80.91533861460744
70,74.83681503170602
70,74.48229561904625
70,73.69110866587326
70,77.41215109015195
70,69.19443923809845
70,76.819400731962
70,75.58859382408394
70,70.36300777609331
70,70.84867320486188
70,70.23322307825808
70,68.08458882720156
70,76.33823757685417
70,75.80854444838761
70,69.29592260075067
70,76.04325230630347
70,71.40519760635087
70,72.58560945752885
70,69.18253765543228
70,79.9467977482304
70,72.82538875695748
70,68.01968875628185
70,68.39431979931757
70,75.86768299061306
70,77.84140995852988
70,66.75207404672149
70,74.26184986459782
70,76.72661027566696
70,71.47222608094371
70,72.29707057875308
70,70.0349081390494
70,71.59865655713294
70,64.6622727082594
70,66.84123260109808
70,76.8941658463867
70,74.71617964345545
70,68.4305462026078
70,77.24897871893157
70,73.01675061008544
70,73.66459828216352
70,68.67853801998463
70,76.65250964151058
70,66.9425015529318
70,80.48355532754177
70,73.70536651625456
70,73.89947886330646
70,71.09409659746463
70,69.2384530381026
70,79.98594603912943
70,73.20156594380269
70,85.28392924937728
70,66.81404686004161
70,62.687554848854134
70,71.58864804456329
70,70.01296310421284
70,73.75161704047295
70,72.821003915811
70,64.19642815557086
70,71.24436714951905
70,68.5845671469316
70,72.47646957592366
70,85.45400311601432
70,70.25428039865096
70,67.55005273905826
70,72.97379014569728
70,73.15868418105946
70,69.1650725891507
70,66.55213462371752
70,77.74928436169967
70,69.81410428034067
70,67.29639364883192
70,71.86721525084022
70,68.50051236215363
70,72.77332619859153
70,69.80184491198818
70,73.71022455305805
70,74.24363301371255
70,73.67560860893884
70,70.11802800291234
70,70.02293699750302
70,73.31207888376906
70,69.2751773733354
70,68.9020517308261
70,70.70780254490815
70,72.15448308464313
70,78.29111063711916
70,74.0054288591349
70,72.0630029470229
70,75.3168356332999
70,68.01681978060714
70,68.8908306863969
70,75.87298651100157
70,79.37879938395854
70,76.08070909709964
70,71.21406431337032
70,61.83992852053788
70,70.88581667715651
70,82.54001934514861
70,74.33499317851866
70,74.92787882350365
70,73.24451109327654
70,63.83563746073509
70,70.29670470587111
70,68.99310485226543
70,70.48507486531942
70,74.3186488757176
70,75.03734755740929
70,67.9303443449738
70,74.57196887348886
70,73.85702021434257
70,73.5839954541792
70,76.51887931010354
70,71.8559491519023
70,73.90206409714632
70,72.18428164741952
70,63.17074345546099
70,73.87661080235195
70,76.3174806846894
70,73.98534057236722
70,78.59308415704045
70,71.19422478499098
70,70.91606799701508
70,75.64881781569201
70,71.35524603763564
70,70.67643858608685
70,68.34148157159451
70,77.59774042043537
70,79.9176133114397
70,78.59154926826838
70,69.14165185189967
70,69.78631114516848
70,75.09695730862337
70,70.91627393610152
70,64.6611079562368
70,76.47688745459814
70,72.38702430392823
70,77.39440165377702
70,73.53364599074452
70,92.47904262791782
70,71.38936168243325
70,64.70404746082167
70,71.21712743968415
70,71.29847046296523
70,70.58578211699033
70,70.87458104208214
70,78.93930969384007
70,70.60273121805676
70,72.20560389786277
70,68.65360453395513
70,75.23740590053805
70,69.47820099195114
70,73.1742335794425
70,69.7548128961645
70,73.65133200947223
70,81.23430838141981
70,74.8629566162383
70,70.88698324171193
70,77.195495156275
70,71.46505843121894
70,72.44154952391979
70,69.55109244775866
70,73.8747461357658
70,70.86795596749691
70,73.38023043293262
70,67.76323208789317
70,83.98189137467784
70,67.67837903575987
70,77.58764137747067
70,74.31820729755447
70,72.30387701277752
70,71.54709938996452
70,73.16833323021152
70,70.24219599629937
70,74.9396103257287
70,72.16895653862863
70,73.38149035159869
70,70.2642012437137
70,76.63446723799326
70,74.76977925629151
70,80.55316112080146
70,77.32190665088545
70,82.20704196345902
70,70.93585290622904
70,68.67179726367463
70,71.77377527633514
70,77.15439400326457
70,78.12827841274651
70,72.26718023136274
70,71.76613986111752
70,80.06455563540266
70,73.61914593228842
70,72.34694914785254
70,67.15339996632373
70,70.87249228416371
70,78.55476381683923
70,77.66566105665402
70,76.2279356686978
70,78.34952348387127
70,71.64952584005768
70,74.71624542410291
70,80.81368205636741
70,75.34654059691182
70,70.10628534602397
70,78.19249479093119
70,77.72009966836181
70,73.31274823633122
70,71.60883750248965
70,76.56566331915391
70,72.05917190179184
70,62.066989054179594
70,74.82117049988842
70,64.78126092927236
70,65.79162531533304
70,72.91526640290218
70,76.36884163554376
70,72.0588332636919
70,75.20625270221346
70,68.5111017421775
70,73.1318583686267
70,70.22617862017785
70,75.68064454826208
70,72.35907227602635
70,71.10500563297465
70,70.12652969756202
70,71.36584604422649
70,71.5996522462117
70,76.4774908605103
70,72.77505798369181
70,75.37097419973158
70,78.81949030879098
70,81.76570589832538
70,71.59501703783228
70,77.44388983080859
70,75.48566231977611
70,71.0087594703067
70,68.51867316423976
70,73.17920760984488
70,78.24446904056231
70,67.17674500345994
70,71.99699176106279
70,74.85221906848594
70,76.68169835581767
70,71.96396453248344
70,73.59090518420838
70,70.86448987773166
70,80.05166971868718
70,68.69319515264472
70,78.5938489107085
70,73.36679350921213
70,69.21441004607098
70,74.11254200911077
70,75.5857760608315
70,69.42167990941233
70,78.24048710773972
70,69.51909315193804
70,69.02102755429176
70,71.44388636733902
70,77.06566576054553
70,76.40752121863838
70,64.90400572538458
70,73.7201337121906
70,79.01422030093084
70,80.68022850169595
70,70.9948387436462
70,72.34813257002347
70,71.84321737040823
70,81.85886895366697
70,63.30116251805579
70,79.6050525277277
70,68.18423682771933
70,61.92552955892941
70,69.18279153343101
70,73.91774967189261
70,77.03293556205686
70,75.58420204628193
70,76.59452836644137
70,75.27763261838768
70,68.4394829063439
70,68.41258288501709
70,73.45173690722906
70,77.1629943177215
70,74.13739543622061
70,73.58041600237323
70,72.17561792630725
70,80.4021707542147
70,75.3850085929727
70,68.55169955618135
70,76.53924321434354
70,73.72437309182102
70,61.55727959383138
70,72.6495389747927
70,69.12726738202797
70,74.21828372470631
70,73.38847131357835
70,68.43857373832203
70,76.43640102929145
70,78.4793204448631
70,74.76592901327443
70,71.85173219187931
70,78.1881609059176
70,70.77760661019636
70,76.6458790774733
70,71.07511170242859
70,76.11558776016072
70,73.42845197054507
70,66.38525898795154
70,70.13355874169561
70,69.21968562025832
70,69.35069620004418
70,74.87545543297793
70,75.00200347847503
70,84.91690446161442
70,78.10226048071951
70,72.200518961562
70,75.57570874892791
70,64.6436057179756
70,77.6643631493861
70,73.72985250838364
70,73.60164085098684
70,79.51520837979837
70,69.62357740265183
70,70.69651700526072
70,72.83476477180174
70,76.55085582420631
70,75.93933821240486
70,68.79516852315496
70,83.0565513580679
70,68.68941935731101
70,74.90222781557269
70,76.81078118288295
70,72.42927430000931
70,59.60161651047725
70,74.90594363503372
70,63.84629903366122
70,71.81265432647868
70,68.89924295992415
70,71.89487016341575
70,66.75332281977663
70,69.8452678314033
70,76.88397862044918
70,75.32265286689329
70,72.31209382858285
70,70.06286088616316
70,68.82533389813365
70,73.62553722799679
70,70.3087223748932
70,74.50184695842758
70,69.78872279287499
70,72.08490653006972
70,80.83511335426068
70,77.59294211057923
70,81.89767809825838
70,71.96840671099197
70,78.42580271016178
70,78.24365845880307
70,69.17299297450349
70,78.43522624136183
70,74.35088258314212
70,72.98277286896229
70,76.66170500487505
70,72.90840118856877
70,71.07998157958603
70,71.74358230582143
70,59.89923236216704
70,66.64635364053699
70,74.2214062890518
70,79.30647739270071
70,79.04676494818159
70,70.34291561303864
70,73.5450429183009
70,72.60180522060283
70,70.5474387525279
70,74.04450973077155
70,71.87862352083815
70,73.3602375703205
70,79.79933570508862
70,74.16495068535164
70,70.3226392177381
70,70.57405412356172
70,78.46156633598342
70,73.08741065939797
70,68.75314823178395
70,77.24700203476
70,71.0367010280103
70,83.58749162149536
70,79.95026199355601
70,72.25427178222712
70,73.2381825212757
70,75.10711254279455
70,76.26677332102166
70,74.6562995105312
70,67.2932965620887
70,68.79140661803754
70,74.50347345960505
70,69.49264177344817
70,70.43123280910747
70,67.08537217135539
70,74.10439252349332
70,76.24859478178284
70,76.81949785651182
70,69.4339934913549
70,71.1067957691779
70,70.07092602505834
70,73.17138514823993
70,72.13572730821585
70,74.07516605054863
70,67.39537673968857
70,75.39590012480497
70,75.08255145367714
70,66.94903080929873
70,74.12758714834878
70,70.79182766142499
70,66.25269189638222
70,72.71275445875553
70,69.52651539282354
70,73.48026654030141
70,73.224667890092
70,72.93793228159865
70,69.62103096040785
70,81.43316358596387
70,72.22718756352855
70,74.34181191918458
70,74.92875003893363
70,71.51748771961581
70,71.4978326884636
70,71.84093844074535
70,64.63473204375589
70,72.15218841692732
70,69.23596064499708
70,72.55962315579586
70,78.77325181909043
70,71.74550123856095
70,75.60532504412677
70,68.08886666032228
70,69.42219552299017
70,67.96054055679241
70,70.52232635952011
70,70.47968916789591
70,75.32152463032195
70,70.6049588056551
70,75.19152019832597
70,70.57492799994574
70,77.77375725703767
70,75.07762229891607
70,70.50350043508229
70,79.22301260973823
70,70.8710486990179
70,78.63566174937002
70,78.2200870341039
70,74.57401839089917
70,68.5129435921941
70,73.71304721656225
70,71.34635058916652
70,66.31397251726963
70,71.07489400286661
70,62.94830090460752
70,71.05465650105464
70,73.53976939431357
70,71.64684497010958
70,76.9529209156263
70,68.11300206945025
70,72.85195918093724
70,71.83588148697795
70,71.41898669093153
70,78.49387740025597
70,67.13562107367085
70,69.8736751199739
70,69.79893033273986
70,79.83926355011553
70,78.25089342996847
70,69.96101813875114
70,74.43437992517107
70,70.59479505575162
70,72.03790119121145
70,71.92917811810284
70,77.92444401602222
70,72.12727095503266
70,81.32155847875296
70,74.01647057695241
70,70.77418470096373
70,72.15729555025761
70,76.43865183059977
70,71.77609574981867
70,75.39224753469223
70,76.49324641593127
70,75.54182779879154
70,76.35737539929465
70,78.85787630470267
70,71.09402267735412
70,73.7169720441915
70,68.15367255612259
70,75.22764853830817
70,75.44053460709371
70,68.99158642032494
70,74.06278359978003
70,76.2707158620022
70,73.27605022909279
70,74.763965740416
70,74.33094782253094
70,69.11785012714476
70,74.79644383109647
70,75.69435385276589
70,75.01533341021047
70,63.05101526966787
70,72.54915134234173
70,71.49544435585524
70,76.2890392141161
70,68.70093162317788
70,71.74039185661697
70,75.72780284345627
70,69.3688328932163
70,76.29671222775983
70,75.78691868573051
70,69.2130482839288
70,73.02798091841431
70,74.7277747308829
70,71.9285508920927
70,79.9510173243711
70,69.84810734442426
70,72.43656392628982
70,69.76397318158637
70,67.5566986904274
70,71.43973974387903
70,77.84971860883805
70,70.54614283645378
70,76.58638863017536
70,73.19372867982351
70,74.14561283753618
70,74.73647563647884
70,72.79868766699867
70,73.74807973961668
70,69.46171477076155
70,75.66522628883936
70,68.18703098006154
70,69.64622027265274
70,74.71858343463062
70,72.90093665053834
70,68.81239720967065
70,80.12388875491122
70,79.03082655740312
70,68.7998561771729
70,72.30618605974068
70,71.3715965375882
70,73.12675707793848
70,75.82481446250323
70,71.88725408493481
70,78.107545023298
70,66.75631249570473
70,74.83857337526776
70,81.89619726406394
70,73.17477760073928
70,72.10803394228535
70,65.96617826288593
70,67.17144289281585
70,68.66015508346108
70,77.61088600075655
70,77.28012707971655
70,68.6572417347909
70,75.67527881070473
70,76.66409843179947
70,75.88008883569172
70,67.8857849890846
70,77.61902332236768
70,64.65819417923838
70,71.85795368327967
70,74.87898850713353
70,74.11254997515121
70,73.00257778668104
70,74.08274924600457
70,74.91031012590172
70,76.44646109432367
70,74.22624113895131
70,75.23587018305213
70,72.36200449020073
70,68.06734055888691
70,69.09805203717937
70,71.30432708646543
70,67.05199728654809
70,70.70362362593288
70,73.26631547697188
70,72.79565643099367
70,75.63275829565785
70,75.63536569193987
70,71.28579434435112
70,68.81949458410145
70,83.13959578180815
70,70.25577632612314
70,74.03854686177311
70,67.72729044038093
70,71.23439740316674
70,70.30261082218085
70,76.29766425916877
70,78.98383126011697
70,70.21145470551687
70,71.2373290307081
70,77.96564571329395
70,69.74007678267509
70,67.81188297951573
70,64.9998101523539
70,73.92702653347177
70,68.81154181138847
70,68.45425407826892
70,73.50662095142746
70,70.08285146787493
70,70.76206244797326
70,76.06087039497464
70,73.84641739632538
70,75.54501182241124
70,72.93556215119997
70,77.52207044661401
70,79.87688424885262
70,67.28070028621919
70,70.93764392745958
70,67.8700514728576
70,66.48555095824662
70,74.97844033175778
70,78.33637893081259
70,74.4689827232975
70,75.22694824989348
70,75.76610803961384
70,74.93764197358837
70,75.86849717832291
70,75.44409991912295
70,77.48984078965529
70,68.17526350805161
70,68.43212860376983
70,66.30541847030334
70,71.27054932677808
70,77.953510762809
70,68.85074751370301
70,70.48422947009301
70,71.34694955787394
70,73.01258301122321
70,61.35470564417188
70,72.84479698860791
70,77.42067245149836
70,71.64648265247995
70,70.8552124324375
70,69.11035971094512
70,76.96633449560872
70,77.55304332345193
70,73.5969776600223
70,68.85935688776819
70,69.92914776414213
70,76.18548101039283
70,70.20644135297611
70,80.34551906971681
70,71.66259199305763
70,67.5743101704432
70,74.49296377170405
70,72.00804405850161
70,76.60779891755298
70,78.24949141746744
70,73.19879688897122
70,81.41272920276319
70,71.4789311894692
70,72.85630864158172
70,63.76696168635873
70,79.68534702647153
70,73.68012452978212
70,71.85745638386378
70,81.13669210389547
70,75.51133558965296
70,75.7252857835923
70,80.75447048509362
70,71.15299347676992
70,74.86950541050541
70,76.77893248671029
70,74.88574195699961
70,73.33507502574443
70,68.4951056753912
70,69.6495386269391
70,68.88524454316007
70,62.78912598987547
70,72.63139258552773
70,69.6570449864274
70,63.43961151269481
70,76.98313101513715
70,77.62555720719656
70,78.33970731587274
70,70.61609842516155
70,75.29802729126207
70,64.46612424150673
70,73.91938047125241
70,79.64020079511067
70,77.71093090617303
70,74.491848887733
70,66.38761925922942
70,71.18226714270719
70,64.04489414349463
70,70.50723778531152
70,72.65594624608133
70,67.69938153924406
70,71.28139905183194
70,71.2065577653458
70,71.45987686431579
70,70.8236675955633
70,75.10146642676597
70,71.39505372984162
70,69.27612718063112
70,69.62620874818306
70,70.50571006898404
70,80.20838314299687
70,75.57195854374581
70,63.934655116064974
70,68.68080607962418
70,73.82014383617859
70,71.03814596650403
70,73.58838600366072
70,69.26543049267687
70,73.29849747412072
70,65.54506463125459
70,76.5492510550319
70,70.42557313923268
70,70.57833992531127
70,62.038336925574235
70,71.0178985497392
70,72.8295557819963
70,66.72753938012289
70,71.36389936788723
70,69.61400410767725
70,68.41225950605647
70,74.6647453601493
70,80.1443701173429
70,71.66133713021985
70,74.97457445081555
70,78.56907526664172
70,75.21930226729386
70,71.25194683492856
70,74.18184955983278
70,78.62576342955433
70,75.69058116233947
70,67.04346835371584
70,69.59272900116541
70,79.2039215635068
70,75.1635149607624
70,74.8181755319989
70,67.26897113876689
70,67.06322413825372
70,78.16882554501854
70,76.74629667261448
70,72.57200530232474
70,71.24418096506984
70,71.12060463217985
70,67.4640395485512
70,71.37718801301705
70,78.99985156197332
70,73.45392600720946
70,77.95000513917581
70,74.38886906873402
70,69.51105988181206
70,76.88361187294244
70,69.17195901772138
70,73.04694605809276
70,75.54598849229679
70,72.90218492645583
70,73.98762624852358
70,78.12674161803542
70,77.38830035039459
70,72.03633712714371
70,70.08652155607636
70,79.78657377841805
70,75.50667237402489
70,66.15160304355908
70,72.58206621812027
70,71.57641706828085
70,70.70335821416325
70,72.61224302472439
70,78.32969740970616
70,72.20907546458773
70,74.4864523697234
70,70.07116162358038
70,73.53184928473696
70,74.73478043314408
70,65.96706380842197
70,72.8664148891164
70,73.38762763733936
70,72.3665490836571
70,75.58363338358433
70,71.98240404091129
70,70.52175281673003
70,73.01579283206952
70,73.19276425241688
70,73.50257983483516
70,74.15383234444425
70,79.10001908011887
70,68.9247293968019
70,75.06841729202793
70,75.5626978588385
70,69.05427265724455
70,75.65449377563354
70,74.7223862341971
70,76.42241945596439
70,73.52251003883113
70,70.18028812008318
70,67.08497585417446
70,74.20719407679945
70,65.42546692482613
70,73.30505556680778
70,68.82779274146596
70,71.43556165960683
70,66.63239704830058
70,71.45478813743716
70,72.89247859644074
70,69.36311587207709
70,77.62863141951284
70,69.24476956442297
70,81.55233118731016
70,76.31907394747456
70,73.95059197548139
70,71.14242955960796
70,76.22900815876552
70,78.94581200936786
70,72.8488753644527
70,70.79206949104815
70,77.15963565266307
70,75.33015409271837
70,76.8439860939198
70,70.33001975821952
70,64.03900790095821
70,78.71292659337756
70,70.21726614268529
70,75.66469409066072
70,71.77352805705264
70,71.3552461475805
70,69.73183074226355
70,77.85060406729124
70,78.58353223773693
70,70.49588672885989
70,80.15487299080417
70,66.21018270022432
70,78.62913866695237
70,72.42778799927838
70,71.01951461311698
70,65.58441377239198
70,85.77918246042476
70,80.57447455923524
70,72.30238677116206
70,78.97156786481523
70,71.75484527797019
70,60.18198991297494
70,72.19618165324049
70,72.80264431731527
70,74.41753281926967
70,80.56351172419879
70,67.7230508736329
70,78.909951568812
70,70.94821746814918
70,72.04965653441381
70,65.70120193540465
70,70.42895312172296
70,75.44538417141365
70,75.0000482498346
70,78.1239061930017
70,64.13098608980721
70,76.0174809209778
70,69.88029606149995
70,73.05180488645023
70,71.73774500064222
70,71.63788533734824
70,74.68125998409977
70,68.14242134918123
70,80.9111878892032
70,70.4410315607029
70,76.32094303776483
70,67.74675539844286
70,74.17587595832758
70,78.29938121681485
70,73.6028472138953
70,74.75422674611576
70,73.14638414338178
70,76.27576337128214
70,72.2304266959738
70,80.62402682667812
70,69.40333426137957
70,68.5586028473484
70,75.29852842860545
70,69.47486795163206
70,73.74477288745483
70,71.6610100898518
70,78.66400371974072
70,78.7946379578672
70,76.6607203024464
70,74.92509583303158
70,72.88182317580913
70,74.77032123998633
70,76.6408927569085
70,71.00783443286808
70,78.28015475976332
70,69.34249981001206
70,71.24877570716015
70,73.09395374824898
70,65.35896222017004
70,66.0187415909571
70,74.28315700356919
70,78.83488856049772
70,74.28069867897698
70,76.75001502561837
70,75.05323521633657
70,72.71578817924315
70,68.70832928954269
70,71.9136051812623
70,67.17432097327529
70,71.9057532983232
70,70.53814549913363
70,72.27658664703932
70,63.42187421952934
70,67.51271737207303
70,73.12288095227338
70,77.72704650976763
70,68.12497037696643
70,70.33700347426378
70,72.31159678821034
70,65.64996240200252
70,70.85109641430758
70,74.18468818567015
70,69.26780148192913
70,67.04309247815362
70,73.22891957857472
70,65.95806048614959
70,74.37932866870372
70,75.33178344713048
70,70.55562761353671
70,79.57940083778139
70,78.30762605347248
70,72.1935646451404
70,67.99297354396373
70,72.12075341998312
70,71.96767965634298
70,71.87291895946488
70,69.24447699908491
70,74.25812842036667
70,70.62037281584402
70,74.21458732217755
70,75.179428528222
70,63.22783159974546
70,66.14743926287017
70,72.46790399715171
70,75.41748454001508
70,66.93806753552275
70,74.17628468026379
70,70.09472914149326
80,82.51246398926772
80,75.57226255895264
80,86.13522765467636
80,84.39314970126273
80,84.42409070550003
80,80.45912380551883
80,78.62013261391456
80,84.72619764168664
80,85.75805323935161
80,86.07034752274342
80,86.26183918780161
80,83.51642082445116
80,81.96820898095767
80,84.72829279968614
80,81.12123310087199
80,81.11481702476861
80,86.84231297658883
80,77.70657837505972
80,82.80564114468608
80,76.65766832822433
80,76.0489421702302
80,87.22920337439412
80,81.83463861323779
80,81.97260150848976
80,77.73249049455242
80,83.09436516411164
80,79.92684231702904
80,90.00256735938152
80,86.7315630393154
80,74.21366015448461
80,85.73783439821499
80,82.12630635356996
80,91.92750462627848
80,85.85114313226065
80,76.54663756951146
80,81.44378626938456
80,79.2086773093896
80,74.36723423934366
80,76.32965104783005
80,88.66393262379653
80,79.80623162529389
80,78.529713167389
80,85.52482336500489
80,74.32605636955611
80,81.56925853702039
80,79.15131975947493
80,82.33604590819448
80,79.51648512283877
80,82.00105674557982
80,81.99452307762527
80,87.02767928440761
80,81.09367112701064
80,84.31117535276753
80,80.70519743718614
80,85.97397726948145
80,83.72246448216508
80,89.02912315424345
80,84.6201186330965
80,76.9894250733994
80,77.69758951914618
80,87.41140532309217
80,81.70103640932734
80,81.5497434817933
80,80.5437382466563
80,85.63027320496364
80,95.08803307995083
80,86.88305220924808
80,78.24605180521313
80,78.27564476082345
80,85.32424400809745
80,77.8507938995279
80,79.06245760349414
80,86.005414904635
80,85.32386829249437
80,76.74330502867339
80,84.0291800430387
80,90.97990019124116
80,82.87504673783924
80,83.95222047117389
80,79.02056248353239
80,82.49295981765788
80,81.5015971348401
80,81.47341358520264
80,73.6556801070072
80,79.83213870009003
80,82.00246853307719
80,80.9965190330392
80,84.41772382813002
80,86.66253671643382
80,87.57569269355264
80,74.95271182945154
80,77.71372301019098
80,84.32027225781454
80,90.92067060251493
80,79.63182874206943
80,88.81633289136258
80,80.64298504385421
80,85.3791555969418
80,83.66169482910769
80,84.94013031033282
80,87.42569117220287
80,75.23109069884896
80,85.31582895841234
80,81.81051513395798
80,77.5641280627517
80,91.1383967039869
80,89.39485787180628
80,78.82157172259373
80,81.78131635014003
80,83.47359936397679
80,85.1690609080892
80,83.7017938586575
80,81.34088707537647
80,85.44719889874897
80,82.85650529924051
80,82.20816497822968
80,82.20362523005745
80,82.97985963968318
80,89.33746611735081
80,82.511062334689
80,94.34683907757444
80,82.67098003481297
80,81.13969097642945
80,84.45717630869147
80,81.84314066386487
80,80.603772296193
80,85.37276228824912
80,85.9499137542643
80,82.03184241760506
80,83.02263640459871
80,80.34504974779585
80,77.14240693795632
80,88.1555925241715
80,86.85775139954058
80,88.3109076563246
80,87.38456578149743
80,84.33523833781858
80,88.26151234191632
80,93.18578143295825
80,82.21507650773778
80,93.80275374579868
80,81.6883286820435
80,80.90736173343521
80,83.62179991372224
80,79.78114493458273
80,82.49477446093978
80,80.20628722723347
80,86.5303886160033
80,88.78965880261646
80,87.56674800799904
80,86.3170370532727
80,80.79656926286452
80,81.39937652063517
80,84.28246823089084
80,82.03353573522654
80,83.85050660902776
80,82.93279506447671
80,88.45462513406704
80,78.91337614875538
80,87.81862254533017
80,81.48377803816715
80,85.30052022878085
80,82.7634958890138
80,85.29047449498894
80,79.4972969987137
80,89.70685714585574
80,74.02567223732898
80,73.551317924455
80,84.52313753435332
80,84.22320720995394
80,80.88646368749859
80,83.16016074910047
80,84.18475294148102
80,87.0681450499501
80,81.11119376519169
80,84.97361350227338
80,73.02916895091924
80,86.10155979852243
80,94.82418388810501
80,84.63206487545634
80,88.0013035565949
80,79.53311769468318
80,89.54031987035283
80,78.15037832816856
80,82.32860788975631
80,82.09637485632305
80,82.47149574740256
80,79.33456087215362
80,69.9463521701261
80,87.17174144043423
80,90.31469238398168
80,74.74324477383954
80,83.30095407283423
80,82.08338587479965
80,86.3209890753789
80,78.46148321212013
80,81.23731438877641
80,77.77906094406983
80,85.72625787318299
80,88.79521287692882
80,87.61410212209762
80,69.77527376348172
80,89.13733229226027
80,84.16422276402834
80,83.24948431243888
80,89.40614984003301
80,84.00942579468219
80,78.58316101714216
80,83.27968382168699
80,83.76729649139901
80,78.93774441140205
80,93.6807204496464
80,81.22025611088729
80,79.15795228522742
80,82.48827899171243
80,83.57458530358743
80,85.33044830588318
80,77.3221940063032
80,80.24850222287245
80,79.52273405391237
80,80.29895594653813
80,80.68547063378297
80,92.31829169033152
80,87.07754013485629
80,80.85608458099632
80,85.5205236730419
80,83.91301971987825
80,87.00802568996347
80,93.56961324935037
80,77.58523490268676
80,78.8994493132217
80,82.02375770885675
80,77.78584040152624
80,82.21706346861671
80,84.75205620995135
80,79.7700980911462
80,77.19689118101566
80,80.33284451577087
80,84.2241908262393
80,85.6768622637088
80,83.37900277724826
80,81.25569921276049
80,77.55170673851423
80,83.32493325452288
80,84.99136681467047
80,92.99687774343866
80,89.0931108528619
80,80.80701709624671
80,78.42440873848093
80,78.43551212835975
80,86.68381375398468
80,68.3168723164944
80,79.4146940746761
80,84.43253471965596
80,86.4921926747297
80,74.81600717152781
80,83.81436012671797
80,71.8554176211459
80,81.22899392136239
80,91.03946080175538
80,83.74670480462088
80,79.65365475837679
80,76.8743232982887
80,77.15822743798351
80,75.57190358242721
80,79.12225857679725
80,80.46061949531375
80,72.95325681127579
80,86.43342034450156
80,83.82090102157117
80,81.39245106413038
80,86.25277468694136
80,85.9018179036023
80,82.83002848836757
80,85.87926381208058
80,78.31490215863663
80,81.15598572035927
80,77.9478603124479
80,83.15819573655072
80,82.9582177876124
80,84.59675514217273
80,76.9846332748363
80,81.0021199668394
80,85.80732975568402
80,82.0164090966488
80,79.66041181277707
80,79.89225708147177
80,82.61185777181413
80,77.41627731018175
80,77.52421669019131
80,85.50799773803013
80,84.30006885993164
80,77.55855072940146
80,69.90504620066326
80,81.3234323300238
80,81.58294714849103
80,87.68063197385338
80,83.99088912616135
80,79.82289578408628
80,85.18308350810027
80,82.60366964951086
80,85.09779421019823
80,81.73678460935467
80,84.51398564830335
80,81.06292697795497
80,69.78451854243114
80,82.27460416915939
80,77.631569467239
80,78.85704579978419
80,80.31981023175598
80,76.05148884163367
80,77.24730652486946
80,81.43679879079845
80,75.39890194521242
80,89.36996112460729
80,81.27346727776444
80,72.59731084041877
80,79.5643832840102
80,82.03473075258418
80,81.02095317672567
80,78.83375918838702
80,84.47781634308686
80,84.1786497543914
80,74.93915029159058
80,80.45792416856048
80,87.59522532016908
80,84.0078276772947
80,81.24578956306544
80,79.57748011207383
80,78.40011161194889
80,81.91295806217634
80,81.04485319512887
80,83.38113604286275
80,83.13611910357056
80,80.85914476538953
80,85.68804789601748
80,74.6226039361112
80,77.24499662480093
80,69.10577831133476
80,79.89086243555346
80,85.16856941291044
80,77.11322451897966
80,87.61769565198239
80,76.45576298551114
80,86.12167506185112
80,78.22636949331007
80,82.76251415018751
80,90.32860913272853
80,84.72640536561241
80,87.66077888929873
80,86.64392372979778
80,86.73915354945265
80,90.142844578147
80,88.1779105292723
80,76.54172344767201
80,78.44539595235034
80,77.77172492549856
80,86.82159654752604
80,81.48485437062583
80,79.91351008151162
80,81.00881892808853
80,80.83625983555802
80,80.71092421898726
80,86.39682608159274
80,81.87181415194807
80,79.22696364094698
80,80.1059384442448
80,88.20073462438447
80,81.46803854269955
80,84.96730466796973
80,79.84689295791195
80,87.67747610635749
80,77.46896829771187
80,75.95548237800924
80,86.70020808446738
80,84.58580160833853
80,82.74469111723661
80,73.00080395473607
80,82.48221191223422
80,83.25952153196243
80,89.88787144200302
80,84.26887257065833
80,77.318899485011
80,77.96282976033896
80,76.2419257083675
80,80.93302274645636
80,87.41173533746284
80,83.46287394019001
80,83.42560236688661
80,76.96075235194681
80,81.4951402233469
80,80.05589786301272
80,92.29767824262456
80,90.29924051687419
80,76.34390351866138
80,84.54010412890462
80,82.9217381966164
80,83.71787444058421
80,88.37061769610558
80,84.31025230905077
80,84.33722972724033
80,77.9325858570132
80,86.94120783371369
80,87.14449398725714
80,85.6210990305316
80,78.40253060151194
80,76.90988105364445
80,83.90276340146352
80,78.18000271141685
80,81.46064674342692
80,85.3407339652245
80,87.11772754132494
80,86.12695503236671
80,78.5132863063618
80,85.5695331339144
80,94.63294352022359
80,82.24473892822041
80,72.43982057260368
80,85.69870563358756
80,81.50091351777091
80,86.6534947569745
80,80.75490400225183
80,78.9933967233111
80,84.72681506289166
80,82.39989512868733
80,84.1069307385959
80,77.03925206848564
80,86.0190320404001
80,78.76047189246779
80,84.75780853733102
80,85.54027499657556
80,85.40935107406841
80,90.73711486807954
80,78.32990212962265
80,84.00044765777133
80,77.32590016140662
80,79.7676101757693
80,84.88619234497679
80,83.60832735294068
80,87.80270449725025
80,82.04166636818144
80,82.2471559353067
80,89.3367145968887
80,73.82519011955294
80,82.31677937546422
80,81.3417069450674
80,84.46042260940891
80,82.32337164761448
80,88.74531286473336
80,75.82126836945724
80,82.6036515984732
80,82.00109129458487
80,77.47375153775049
80,80.57052586411042
80,79.67249424380674
80,81.59075760118475
80,85.03758133874447
80,81.95852209025944
80,79.9181339494791
80,84.68144512318092
80,79.77052437992306
80,82.29002789658615
80,76.12552854271803
80,91.38549808188641
80,82.79214718199526
80,77.36671940631192
80,90.21547405672806
80,82.30739356370502
80,79.8017187550459
80,77.53210457008852
80,86.77798217556006
80,83.71962668514584
80,74.10860143377987
80,81.82399136717314
80,86.33892112093203
80,81.67715153497227
80,76.61855004178368
80,83.67309996817241
80,88.35625410188621
80,83.04080030465097
80,79.84421640957083
80,84.9189814130666
80,84.70534980639407
80,89.53171003358537
80,75.50720283282607
80,83.6171319208736
80,85.89047081049142
80,84.78647722500456
80,87.29321084209957
80,79.93638736791618
80,84.75952587474477
80,76.25597660946073
80,81.19021109245863
80,74.7953020729436
80,84.44165672169791
80,82.72707842398253
80,81.31055415780837
80,82.96279199215165
80,76.67434850420983
80,91.85303450473292
80,83.48917775811282
80,82.36103690477684
80,93.67060066614516
80,85.68584356208781
80,86.10378657125536
80,78.61749432731415
80,82.37042410349197
80,81.46271073665815
80,81.56452476727297
80,84.106443233103
80,84.16158568986853
80,79.80925964326984
80,81.00015248046653
80,89.26093236648568
80,86.12915911263251
80,79.99587618470447
80,76.88492440161973
80,77.99996825422186
80,82.05924652319942
80,82.62912613253332
80,83.1518380813673
80,85.43732140637015
80,86.18678007962961
80,96.07983579769521
80,89.66578188448186
80,88.34691449021432
80,81.42236505317017
80,79.9650037668332
80,84.23713081172974
80,85.0706601213866
80,85.61520257699155
80,86.67057313184142
80,89.10881446797383
80,85.95626179060338
80,80.69695268245437
80,83.87604348309875
80,79.3858532694375
80,76.11705467875478
80,86.04898168895224
80,86.12831544733656
80,83.23484236861455
80,81.16070302836552
80,83.67150625946459
80,81.30394319038325
80,89.80594884885558
80,88.97963788722763
80,74.07414622730343
80,85.26128902226962
80,84.83316327406612
80,85.01230125907098
80,82.92933489854741
80,75.87124621268579
80,87.18740598488154
80,82.19802252060767
80,90.44063019297627
80,80.6631686910373
80,83.84802158755845
80,72.469602980632
80,81.4267733771058
80,80.37846710811502
80,77.28520331753917
80,83.89607013893864
80,88.52206999609614
80,88.01435067271342
80,88.02334301904799
80,87.54559916788948
80,80.36189541532202
80,80.40591641496277
80,79.44474975056998
80,78.81869321970325
80,77.15403166466922
80,84.91491539298653
80,77.11951451182165
80,81.48532718213478
80,87.0255530432441
80,88.19106872160324
80,81.14924085949423
80,87.09350914453613
80,92.82018814915114
80,87.17026364043004
80,90.82913710275294
80,83.24308575268462
80,79.0533046922499
80,85.20453182385648
80,86.839064970731
80,86.06108869704772
80,84.10514961766208
80,76.17522124845047
80,81.6570816945338
80,84.64206765329489
80,84.5671312338554
80,75.94694329495054
80,80.43899552235433
80,76.6902481723265
80,81.87419170393913
80,75.68894427830803
80,78.80813788718379
80,80.36383428657895
80,78.1079104624792
80,86.37742215014747
80,83.70483829376569
80,80.9100020828652
80,81.53131753896272
80,84.00114158323692
80,87.28217886766399
80,76.55076923942765
80,86.26500658490694
80,81.97307329831992
80,78.689872545781
80,88.61079803920595
80,73.19336727559879
80,89.76807649032604
80,80.85875345750392
80,79.8889946222508
80,87.59047497785431
80,86.96847290380569
80,83.13780974101694
80,87.27240770149243
80,92.92384041089424
80,84.2929063513552
80,83.22524111251634
80,79.97485585088276
80,74.69563781842957
80,78.90239691076299
80,82.17948926894213
80,79.60098018333437
80,80.47271181914432
80,80.7347922322166
80,82.27022636741376
80,78.75876312493936
80,76.760316779897
80,81.88799251819172
80,80.25263716769953
80,82.6935304895097
80,80.83735060187895
80,85.15876358363292
80,75.7081528523908
80,76.93037671126324
80,83.76306603566887
80,84.53940199099462
80,87.05274089245313
80,91.36478341595458
80,80.46624190615532
80,74.53709134274777
80,90.03129565041519
80,77.37293827791702
80,86.67145019989309
80,90.92375246179644
80,79.91337346522155
80,78.64439713299964
80,87.40411321387043
80,85.23768985917748
80,74.31146357787841
80,87.68417851753168
80,87.21265715697987
80,86.22276907849388
80,86.8795247992233
80,76.77210304103241
80,76.18802617505617
80,86.45984622790199
80,86.03801786964395
80,72.57068945301248
80,76.55062362438028
80,78.4157347009602
80,82.21919146053607
80,84.98401278062468
80,86.94985871064085
80,79.4885361769224
80,83.55847512423394
80,79.75969113394588
80,83.41050575582082
80,79.55754612986672
80,86.30796436220001
80,85.7318031252807
80,86.08267983485953
80,85.02987520162459
80,90.16957752198367
80,83.57604335327893
80,84.77196172625122
80,87.86793288884161
80,90.33233123611818
80,89.65987584956542
80,82.47357366325352
80,81.00554946569422
80,83.72634584935807
80,84.25057596143344
80,76.6865907553251
80,84.7155414971166
80,75.32889260222969
80,90.05017308116878
80,85.60043226913658
80,82.4926072496487
80,79.20292480874853
80,87.18095752948783
80,81.95534845257089
80,87.52313837147061
80,91.46729922032827
80,86.46748734532778
80,84.59164425575217
80,76.51843223978241
80,85.2741054028111
80,79.5025372008458
80,89.21072004704669
80,79.55601047283601
80,79.12153237468834
80,83.54903195132542
80,86.48562865719738
80,80.59354926024282
80,78.33309096585756
80,84.94422728644253
80,79.10220467519429
80,81.24420296389849
80,82.7345544920863
80,83.34683157867423
80,88.93640527944727
80,85.91335886770572
80,81.24792433132772
80,82.91672680396913
80,80.19624109132911
80,77.2620435656867
80,83.11315944178118
80,83.29550004008642
80,84.75325534501744
80,83.32489716139465
80,83.81416766003716
80,90.46166304078017
80,81.18274229152364
80,71.41606785744085
80,82.2346273590932
80,82.30019780451201
80,75.79676046688826
80,73.00639202686997
80,90.07768232821016
80,78.73746693633906
80,87.00783224803786
80,84.84957608573615
80,75.02553879712995
80,89.27045322384356
80,76.64822241584164
80,86.64434182461036
80,82.73782839026286
80,85.47223569767422
80,81.54321726914215
80,88.27931805859954
80,88.72750775006145
80,78.77099687191951
80,83.17142821028325
80,79.16708626923206
80,78.37872838779134
80,72.85288988039107
80,88.80307615827739
80,83.24707784188709
80,78.73890177016335
80,78.14402689561963
80,81.94528798979259
80,82.4395963068861
80,82.72178726267771
80,87.53413199147926
80,82.42184868878174
80,78.2664160017206
80,81.80808683477885
80,87.60559037744838
80,77.73043650090813
80,77.71844474977806
80,79.47228547952182
80,85.7561611882203
80,78.6272782079193
80,82.77431450702514
80,87.16887586550314
80,78.33410089525528
80,76.992103893406
80,88.17066506577754
80,85.92074796029091
80,82.67463231339754
80,88.09898212015358
80,84.38319444634774
80,78.82410697519954
80,85.13328001229651
80,84.55152795785703
80,72.3911029802389
80,87.50968813111564
80,80.00047807247489
80,75.0122070155494
80,80.85886764258655
80,81.3614581050121
80,83.46284852281845
80,75.30831505582587
80,91.78209892873059
80,85.42801426867605
80,75.41292140189225
80,83.3155461048788
80,87.19780711101811
80,83.33451248985702
80,79.52879930967013
80,82.34827874488663
80,86.17431911069139
80,81.80961225642069
80,69.674418465553
80,83.1179069566361
80,87.66579553001313
80,81.77528486706198
80,88.94955024810753
80,88.19121750804442
80,86.10503575904048
80,79.34164503917138
80,80.67952879969755
80,80.08215289738867
80,79.68352809436563
80,85.88138619186536
80,84.02046160100488
80,83.37746750793605
80,76.23905878038883
80,83.40257234471648
80,75.86857483721549
80,83.01154793251776
80,85.83078962408722
80,76.70482135633841
80,84.14963604816023
80,88.96764300587911
80,78.53983947956947
80,80.82430768921081
80,88.1048973881925
80,84.99256304795927
80,84.36766135304963
80,83.4028336664361
80,87.35891342677894
80,79.8890960660298
80,80.78170916446732
80,79.68986089724544
80,81.24344622524431
80,88.48205771443425
80,79.52773527022946
80,81.26157902671825
80,80.44041243890123
80,76.27616435476786
80,84.35294634854598
80,81.38929374794935
80,80.52167037153977
80,84.76011375114517
80,80.45705707038441
80,76.49494827994563
80,71.77560580104648
80,84.243239773278
80,86.16014018015608
80,82.91027338317315
80,82.5563699536133
80,81.3716984565047
80,86.70541212374678
80,84.68957476716622
80,75.37781526309521
80,84.54499548024074
80,79.76142419686197
80,73.14209647703345
80,87.31400630175983
80,89.40027154459831
80,76.20524199368239
80,76.89550737398886
80,84.25779928320655
80,82.05568541682423
80,84.01082282552231
80,78.61123815588624
80,80.91818175123336
80,81.939792996958
80,83.93846269161673
80,84.42396901008144
80,88.11133312079905
80,82.13146386663585
80,81.59196375840658
80,82.63241386440629
80,75.97500757583941
80,83.13243752554938
80,88.06473989026965
80,82.190216307908
80,80.5233336521341
80,78.21929217595361
80,86.89772721965963
80,91.66015316822376
80,79.89449445170942
80,84.08697622530481
80,77.07243788412995
80,81.1383691710637
80,83.70123439288297
80,82.08702943796777
80,84.66988747657233
80,85.97185737571667
80,87.11151745894395
80,82.9167585053357
80,82.65624076347716
80,80.91757097391974
80,88.45731116540895
80,87.9174443579679
80,78.45025216643894
80,85.41973528789558
80,86.81429683677985
80,84.04494916586216
80,76.24046137105374
80,80.0977007361562
80,87.68227359150555
80,77.91849383153259
80,82.34546171324172
80,83.47743663744018
80,87.949776804798
80,88.585103195276
80,92.31622311949847
80,83.29536301330808
80,78.73112670426796
80,82.23482571381491
80,79.77116234674958
80,85.234000690745
80,80.30632466465448
80,77.32834862257117
80,91.08535902655824
80,77.63738111190138
80,82.46814059589397
80,82.18387937434797
80,86.34953399991221
80,81.32695314518773
80,86.84484438439682
80,79.17483997997373
80,85.85653958039792
80,83.81765971661675
80,80.19463089661522
80,80.77229121290216
80,87.7761931788263
80,86.57976168092281
80,83.25880800892125
80,94.09675112584625
80,87.79604292079595
80,82.82071912821111
80,96.27547874207728
80,82.61696380940542
80,82.43302453093843
80,81.25183197406886
80,87.8745942077098
80,83.22608732153884
80,80.39504042402642
80,91.49392714368679
80,73.2868313044826
80,87.22528731610822
80,85.80607928336187
80,85.99324524716263
80,84.5572031040084
80,78.18004781997008
80,91.63465864163595
80,84.49215577704658
80,84.88142596419736
80,84.33362436970984
80,84.66290283568341
80,87.95704537861094
80,84.08749102840216
80,92.74331701436178
80,82.10817955512148
80,74.66608789885662
80,87.64316688392343
80,84.69155632439784
80,87.54114730277414
80,89.01096165035983
80,88.7582543178896
80,88.89359512646094
80,74.80622217296607
80,78.79868633918338
80,78.82258050772006
80,89.97189606665995
80,81.93848623894282
80,90.23940993507094
80,81.72027276543349
80,80.52139787715737
80,88.77578139543733
80,85.79220636485121
80,83.65262794871825
80,85.16001629065074
80,78.62827198652754
80,82.9213584566897
80,79.51101940870814
80,86.11059243773168
80,82.50638919972499
80,84.34972168147625
80,83.38672143643913
80,78.52005596519459
80,88.89483687789202
80,75.5601919387312
80,80.44118993379792
80,79.06182545265055
80,83.54722699021126
80,76.74004086550907
80,81.39752304912057
80,84.12597367073731
80,84.60368654191372
80,83.99994711307895
80,86.81749021961937
80,83.95851291029834
80,75.71088091293565
80,88.74526625758033
80,86.34974376670122
80,87.48100318549889
80,79.98393220829512
80,81.94973425354553
80,82.00038749665458
80,83.82673227425823
80,87.13537662562851
